,ScDay,ScTime,Day,Date,TempMax,TempMin,W1,W2,DateFormat
0,2021-03-05,10,Péntek,2021. március 5.,8,4,erősen felhős,Hidegfront erős széllel,2021-03-05
1,2021-03-05,10,Szombat,2021. március 6.,6,-3,gyengén felhős,,2021-03-06
2,2021-03-05,10,Vasárnap,2021. március 7.,7,-5,derült,,2021-03-07
3,2021-03-05,10,Hétfő,2021. március 8.,8,-4,közepesen felhős,,2021-03-08
4,2021-03-05,10,Kedd,2021. március 9.,9,-3,erősen felhős,,2021-03-09
5,2021-03-05,10,Szerda,2021. március 10.,10,-2,közepesen felhős,Melegfront,2021-03-10
6,2021-03-05,10,Csütörtök,2021. március 11.,11,3,zápor,Hidegfront erős széllel,2021-03-11
7,2021-03-05,10,Péntek,2021. március 12.,10,5,zápor,,2021-03-12
8,2021-03-05,10,Szombat,2021. március 13.,11,4,közepesen felhős,,2021-03-13
9,2021-03-05,10,Vasárnap,2021. március 14.,10,5,zápor,,2021-03-14
10,2021-03-05,10,Hétfő,2021. március 15.,9,4,erősen felhős,,2021-03-15
11,2021-03-05,10,Kedd,2021. március 16.,8,3,közepesen felhős,,2021-03-16
12,2021-03-05,10,Szerda,2021. március 17.,7,2,zápor,,2021-03-17
13,2021-03-05,10,Csütörtök,2021. március 18.,6,3,közepesen felhős,,2021-03-18
14,2021-03-05,10,Péntek,2021. március 19.,9,3,közepesen felhős,,2021-03-19
15,2021-03-05,22,Szombat,2021. március 6.,6,-3,gyengén felhős,,2021-03-06
16,2021-03-05,22,Vasárnap,2021. március 7.,8,-5,derült,,2021-03-07
17,2021-03-05,22,Hétfő,2021. március 8.,8,-4,gyengén felhős,,2021-03-08
18,2021-03-05,22,Kedd,2021. március 9.,8,-3,erősen felhős,,2021-03-09
19,2021-03-05,22,Szerda,2021. március 10.,9,-3,gyengén felhős,,2021-03-10
20,2021-03-05,22,Csütörtök,2021. március 11.,12,1,zápor,Szeles nap,2021-03-11
21,2021-03-05,22,Péntek,2021. március 12.,11,5,zápor,Hidegfront erős széllel,2021-03-12
22,2021-03-05,22,Szombat,2021. március 13.,11,4,erősen felhős,,2021-03-13
23,2021-03-05,22,Vasárnap,2021. március 14.,10,4,zápor,,2021-03-14
24,2021-03-05,22,Hétfő,2021. március 15.,9,3,gyenge eső,,2021-03-15
25,2021-03-05,22,Kedd,2021. március 16.,8,2,erősen felhős,,2021-03-16
26,2021-03-05,22,Szerda,2021. március 17.,9,2,közepesen felhős,,2021-03-17
27,2021-03-05,22,Csütörtök,2021. március 18.,10,2,közepesen felhős,,2021-03-18
28,2021-03-05,22,Péntek,2021. március 19.,11,3,zápor,,2021-03-19
29,2021-03-05,22,Szombat,2021. március 20.,12,3,gyengén felhős,,2021-03-20
30,2021-03-06,10,Szombat,2021. március 6.,6,-4,gyengén felhős,,2021-03-06
31,2021-03-06,10,Vasárnap,2021. március 7.,8,-5,derült,,2021-03-07
32,2021-03-06,10,Hétfő,2021. március 8.,8,-4,gyengén felhős,,2021-03-08
33,2021-03-06,10,Kedd,2021. március 9.,8,-3,erősen felhős,,2021-03-09
34,2021-03-06,10,Szerda,2021. március 10.,9,-3,gyengén felhős,,2021-03-10
35,2021-03-06,10,Csütörtök,2021. március 11.,12,1,zápor,Szeles nap,2021-03-11
36,2021-03-06,10,Péntek,2021. március 12.,11,5,zápor,Hidegfront erős széllel,2021-03-12
37,2021-03-06,10,Szombat,2021. március 13.,11,4,erősen felhős,,2021-03-13
38,2021-03-06,10,Vasárnap,2021. március 14.,10,4,zápor,,2021-03-14
39,2021-03-06,10,Hétfő,2021. március 15.,9,3,gyenge eső,,2021-03-15
40,2021-03-06,10,Kedd,2021. március 16.,8,2,erősen felhős,,2021-03-16
41,2021-03-06,10,Szerda,2021. március 17.,9,2,közepesen felhős,,2021-03-17
42,2021-03-06,10,Csütörtök,2021. március 18.,10,2,közepesen felhős,,2021-03-18
43,2021-03-06,10,Péntek,2021. március 19.,11,3,zápor,,2021-03-19
44,2021-03-06,10,Szombat,2021. március 20.,12,3,gyengén felhős,,2021-03-20
45,2021-03-06,22,Vasárnap,2021. március 7.,8,-7,derült,,2021-03-07
46,2021-03-06,22,Hétfő,2021. március 8.,9,-6,közepesen felhős,,2021-03-08
47,2021-03-06,22,Kedd,2021. március 9.,7,-4,erősen felhős,,2021-03-09
48,2021-03-06,22,Szerda,2021. március 10.,8,-1,zápor,Szeles nap,2021-03-10
49,2021-03-06,22,Csütörtök,2021. március 11.,10,-2,erősen felhős,Szeles nap,2021-03-11
50,2021-03-06,22,Péntek,2021. március 12.,11,5,zápor,Hidegfront erős széllel,2021-03-12
51,2021-03-06,22,Szombat,2021. március 13.,11,3,zápor,Szeles nap,2021-03-13
52,2021-03-06,22,Vasárnap,2021. március 14.,9,4,zápor,,2021-03-14
53,2021-03-06,22,Hétfő,2021. március 15.,9,2,zápor,,2021-03-15
54,2021-03-06,22,Kedd,2021. március 16.,8,2,zápor,,2021-03-16
55,2021-03-06,22,Szerda,2021. március 17.,7,1,erősen felhős,,2021-03-17
56,2021-03-06,22,Csütörtök,2021. március 18.,8,2,erősen felhős,,2021-03-18
57,2021-03-06,22,Péntek,2021. március 19.,9,2,közepesen felhős,,2021-03-19
58,2021-03-06,22,Szombat,2021. március 20.,10,3,közepesen felhős,,2021-03-20
59,2021-03-06,22,Vasárnap,2021. március 21.,13,3,közepesen felhős,,2021-03-21
60,2021-03-07,10,Vasárnap,2021. március 7.,8,-7,derült,,2021-03-07
61,2021-03-07,10,Hétfő,2021. március 8.,9,-6,közepesen felhős,,2021-03-08
62,2021-03-07,10,Kedd,2021. március 9.,7,-4,erősen felhős,,2021-03-09
63,2021-03-07,10,Szerda,2021. március 10.,8,-3,közepesen felhős,,2021-03-10
64,2021-03-07,10,Csütörtök,2021. március 11.,9,-4,erősen felhős,Szeles nap,2021-03-11
65,2021-03-07,10,Péntek,2021. március 12.,12,4,zápor,Szeles nap,2021-03-12
66,2021-03-07,10,Szombat,2021. március 13.,12,3,közepesen felhős,Szeles nap,2021-03-13
67,2021-03-07,10,Vasárnap,2021. március 14.,12,3,erősen felhős,,2021-03-14
68,2021-03-07,10,Hétfő,2021. március 15.,11,4,zápor,,2021-03-15
69,2021-03-07,10,Kedd,2021. március 16.,10,4,erősen felhős,,2021-03-16
70,2021-03-07,10,Szerda,2021. március 17.,10,3,zápor,,2021-03-17
71,2021-03-07,10,Csütörtök,2021. március 18.,10,4,zápor,,2021-03-18
72,2021-03-07,10,Péntek,2021. március 19.,10,3,erősen felhős,,2021-03-19
73,2021-03-07,10,Szombat,2021. március 20.,11,3,közepesen felhős,,2021-03-20
74,2021-03-07,10,Vasárnap,2021. március 21.,13,3,közepesen felhős,,2021-03-21
75,2021-03-07,22,Hétfő,2021. március 8.,9,-5,közepesen felhős,,2021-03-08
76,2021-03-07,22,Kedd,2021. március 9.,7,-2,erősen felhős,,2021-03-09
77,2021-03-07,22,Szerda,2021. március 10.,8,-3,közepesen felhős,,2021-03-10
78,2021-03-07,22,Csütörtök,2021. március 11.,9,-3,erősen felhős,Szeles nap,2021-03-11
79,2021-03-07,22,Péntek,2021. március 12.,11,4,zápor,Szeles nap,2021-03-12
80,2021-03-07,22,Szombat,2021. március 13.,12,3,közepesen felhős,,2021-03-13
81,2021-03-07,22,Vasárnap,2021. március 14.,12,3,erősen felhős,Szeles nap,2021-03-14
82,2021-03-07,22,Hétfő,2021. március 15.,11,4,zápor,,2021-03-15
83,2021-03-07,22,Kedd,2021. március 16.,12,4,közepesen felhős,,2021-03-16
84,2021-03-07,22,Szerda,2021. március 17.,10,3,zápor,,2021-03-17
85,2021-03-07,22,Csütörtök,2021. március 18.,10,4,zápor,,2021-03-18
86,2021-03-07,22,Péntek,2021. március 19.,10,3,erősen felhős,,2021-03-19
87,2021-03-07,22,Szombat,2021. március 20.,11,3,közepesen felhős,,2021-03-20
88,2021-03-07,22,Vasárnap,2021. március 21.,15,2,közepesen felhős,,2021-03-21
89,2021-03-07,22,Hétfő,2021. március 22.,16,3,gyengén felhős,,2021-03-22
90,2021-03-08,10,Hétfő,2021. március 8.,9,-4,közepesen felhős,Hidegfront,2021-03-08
91,2021-03-08,10,Kedd,2021. március 9.,7,-5,közepesen felhős,,2021-03-09
92,2021-03-08,10,Szerda,2021. március 10.,8,-3,közepesen felhős,,2021-03-10
93,2021-03-08,10,Csütörtök,2021. március 11.,11,-3,borult,Szeles nap,2021-03-11
94,2021-03-08,10,Péntek,2021. március 12.,12,6,zápor,Szeles nap,2021-03-12
95,2021-03-08,10,Szombat,2021. március 13.,12,3,közepesen felhős,,2021-03-13
96,2021-03-08,10,Vasárnap,2021. március 14.,11,3,zápor,Szeles nap,2021-03-14
97,2021-03-08,10,Hétfő,2021. március 15.,10,4,közepesen felhős,,2021-03-15
98,2021-03-08,10,Kedd,2021. március 16.,9,3,zápor,,2021-03-16
99,2021-03-08,10,Szerda,2021. március 17.,10,3,zápor,,2021-03-17
100,2021-03-08,10,Csütörtök,2021. március 18.,10,4,zápor,,2021-03-18
101,2021-03-08,10,Péntek,2021. március 19.,10,3,erősen felhős,,2021-03-19
102,2021-03-08,10,Szombat,2021. március 20.,11,3,közepesen felhős,,2021-03-20
103,2021-03-08,10,Vasárnap,2021. március 21.,12,4,közepesen felhős,,2021-03-21
104,2021-03-08,10,Hétfő,2021. március 22.,14,4,gyengén felhős,,2021-03-22
105,2021-03-08,22,Kedd,2021. március 9.,7,-5,közepesen felhős,,2021-03-09
106,2021-03-08,22,Szerda,2021. március 10.,8,-3,közepesen felhős,,2021-03-10
107,2021-03-08,22,Csütörtök,2021. március 11.,8,-3,borult,Szeles nap,2021-03-11
108,2021-03-08,22,Péntek,2021. március 12.,12,5,zápor,Szeles nap,2021-03-12
109,2021-03-08,22,Szombat,2021. március 13.,12,3,közepesen felhős,,2021-03-13
110,2021-03-08,22,Vasárnap,2021. március 14.,12,3,zápor,Szeles nap,2021-03-14
111,2021-03-08,22,Hétfő,2021. március 15.,11,4,közepesen felhős,Szeles nap,2021-03-15
112,2021-03-08,22,Kedd,2021. március 16.,9,3,zápor,,2021-03-16
113,2021-03-08,22,Szerda,2021. március 17.,10,3,zápor,,2021-03-17
114,2021-03-08,22,Csütörtök,2021. március 18.,10,4,zápor,,2021-03-18
115,2021-03-08,22,Péntek,2021. március 19.,10,3,erősen felhős,,2021-03-19
116,2021-03-08,22,Szombat,2021. március 20.,11,3,közepesen felhős,,2021-03-20
117,2021-03-08,22,Vasárnap,2021. március 21.,12,4,közepesen felhős,,2021-03-21
118,2021-03-08,22,Hétfő,2021. március 22.,13,4,közepesen felhős,,2021-03-22
119,2021-03-08,22,Kedd,2021. március 23.,15,4,gyengén felhős,,2021-03-23
120,2021-03-09,10,Kedd,2021. március 9.,7,-4,közepesen felhős,,2021-03-09
121,2021-03-09,10,Szerda,2021. március 10.,8,-3,közepesen felhős,,2021-03-10
122,2021-03-09,10,Csütörtök,2021. március 11.,8,-4,borult,Szeles nap,2021-03-11
123,2021-03-09,10,Péntek,2021. március 12.,13,5,közepesen felhős,Kettős front,2021-03-12
124,2021-03-09,10,Szombat,2021. március 13.,11,3,közepesen felhős,,2021-03-13
125,2021-03-09,10,Vasárnap,2021. március 14.,12,4,zápor,Hidegfront erős széllel,2021-03-14
126,2021-03-09,10,Hétfő,2021. március 15.,11,4,közepesen felhős,Szeles nap,2021-03-15
127,2021-03-09,10,Kedd,2021. március 16.,9,4,zápor,,2021-03-16
128,2021-03-09,10,Szerda,2021. március 17.,9,3,erősen felhős,,2021-03-17
129,2021-03-09,10,Csütörtök,2021. március 18.,8,3,zápor,,2021-03-18
130,2021-03-09,10,Péntek,2021. március 19.,8,2,erősen felhős,,2021-03-19
131,2021-03-09,10,Szombat,2021. március 20.,8,2,közepesen felhős,,2021-03-20
132,2021-03-09,10,Vasárnap,2021. március 21.,7,2,közepesen felhős,,2021-03-21
133,2021-03-09,10,Hétfő,2021. március 22.,8,3,közepesen felhős,,2021-03-22
134,2021-03-09,10,Kedd,2021. március 23.,12,4,gyengén felhős,,2021-03-23
135,2021-03-09,22,Szerda,2021. március 10.,9,-3,gyengén felhős,,2021-03-10
136,2021-03-09,22,Csütörtök,2021. március 11.,7,-4,borult,Szeles nap,2021-03-11
137,2021-03-09,22,Péntek,2021. március 12.,13,5,közepesen felhős,Kettős front,2021-03-12
138,2021-03-09,22,Szombat,2021. március 13.,13,3,közepesen felhős,,2021-03-13
139,2021-03-09,22,Vasárnap,2021. március 14.,11,4,erősen felhős,Hidegfront erős széllel,2021-03-14
140,2021-03-09,22,Hétfő,2021. március 15.,10,3,közepesen felhős,,2021-03-15
141,2021-03-09,22,Kedd,2021. március 16.,9,2,zápor,Hidegfront erős széllel,2021-03-16
142,2021-03-09,22,Szerda,2021. március 17.,8,2,erősen felhős,,2021-03-17
143,2021-03-09,22,Csütörtök,2021. március 18.,7,1,zápor,,2021-03-18
144,2021-03-09,22,Péntek,2021. március 19.,8,1,erősen felhős,,2021-03-19
145,2021-03-09,22,Szombat,2021. március 20.,9,1,közepesen felhős,,2021-03-20
146,2021-03-09,22,Vasárnap,2021. március 21.,10,2,gyengén felhős,,2021-03-21
147,2021-03-09,22,Hétfő,2021. március 22.,10,3,gyengén felhős,,2021-03-22
148,2021-03-09,22,Kedd,2021. március 23.,11,3,erősen felhős,,2021-03-23
149,2021-03-09,22,Szerda,2021. március 24.,13,3,közepesen felhős,,2021-03-24
150,2021-03-10,10,Szerda,2021. március 10.,9,-3,gyengén felhős,,2021-03-10
151,2021-03-10,10,Csütörtök,2021. március 11.,7,-4,borult,Szeles nap,2021-03-11
152,2021-03-10,10,Péntek,2021. március 12.,13,5,közepesen felhős,Kettős front,2021-03-12
153,2021-03-10,10,Szombat,2021. március 13.,13,4,közepesen felhős,,2021-03-13
154,2021-03-10,10,Vasárnap,2021. március 14.,11,4,erősen felhős,Hidegfront erős széllel,2021-03-14
155,2021-03-10,10,Hétfő,2021. március 15.,10,3,közepesen felhős,,2021-03-15
156,2021-03-10,10,Kedd,2021. március 16.,9,2,zápor,Hidegfront erős széllel,2021-03-16
157,2021-03-10,10,Szerda,2021. március 17.,8,2,erősen felhős,,2021-03-17
158,2021-03-10,10,Csütörtök,2021. március 18.,7,1,zápor,,2021-03-18
159,2021-03-10,10,Péntek,2021. március 19.,8,1,erősen felhős,,2021-03-19
160,2021-03-10,10,Szombat,2021. március 20.,9,1,közepesen felhős,,2021-03-20
161,2021-03-10,10,Vasárnap,2021. március 21.,10,2,gyengén felhős,,2021-03-21
162,2021-03-10,10,Hétfő,2021. március 22.,10,3,gyengén felhős,,2021-03-22
163,2021-03-10,10,Kedd,2021. március 23.,11,3,erősen felhős,,2021-03-23
164,2021-03-10,10,Szerda,2021. március 24.,13,3,közepesen felhős,,2021-03-24
165,2021-03-10,22,Csütörtök,2021. március 11.,7,-5,borult,Melegfront,2021-03-11
166,2021-03-10,22,Péntek,2021. március 12.,13,4,közepesen felhős,Szeles nap,2021-03-12
167,2021-03-10,22,Szombat,2021. március 13.,13,3,gyengén felhős,,2021-03-13
168,2021-03-10,22,Vasárnap,2021. március 14.,11,4,zápor,Hidegfront erős széllel,2021-03-14
169,2021-03-10,22,Hétfő,2021. március 15.,10,2,erősen felhős,Szeles nap,2021-03-15
170,2021-03-10,22,Kedd,2021. március 16.,9,2,zápor,Hidegfront erős széllel,2021-03-16
171,2021-03-10,22,Szerda,2021. március 17.,7,1,erősen felhős,Szeles nap,2021-03-17
172,2021-03-10,22,Csütörtök,2021. március 18.,6,0,erősen felhős,,2021-03-18
173,2021-03-10,22,Péntek,2021. március 19.,5,-1,hózápor,,2021-03-19
174,2021-03-10,22,Szombat,2021. március 20.,6,-1,közepesen felhős,,2021-03-20
175,2021-03-10,22,Vasárnap,2021. március 21.,7,0,gyengén felhős,,2021-03-21
176,2021-03-10,22,Hétfő,2021. március 22.,8,1,közepesen felhős,,2021-03-22
177,2021-03-10,22,Kedd,2021. március 23.,9,1,közepesen felhős,,2021-03-23
178,2021-03-10,22,Szerda,2021. március 24.,11,2,zápor,,2021-03-24
179,2021-03-10,22,Csütörtök,2021. március 25.,12,3,gyengén felhős,,2021-03-25
180,2021-03-11,10,Csütörtök,2021. március 11.,8,-3,borult,Melegfront,2021-03-11
181,2021-03-11,10,Péntek,2021. március 12.,13,3,közepesen felhős,Szeles nap,2021-03-12
182,2021-03-11,10,Szombat,2021. március 13.,13,3,gyengén felhős,,2021-03-13
183,2021-03-11,10,Vasárnap,2021. március 14.,10,4,gyenge eső,Hidegfront erős széllel,2021-03-14
184,2021-03-11,10,Hétfő,2021. március 15.,10,2,közepesen felhős,Szeles nap,2021-03-15
185,2021-03-11,10,Kedd,2021. március 16.,8,1,zápor,Hidegfront erős széllel,2021-03-16
186,2021-03-11,10,Szerda,2021. március 17.,7,0,közepesen felhős,Szeles nap,2021-03-17
187,2021-03-11,10,Csütörtök,2021. március 18.,6,-1,erősen felhős,,2021-03-18
188,2021-03-11,10,Péntek,2021. március 19.,5,-1,hózápor,,2021-03-19
189,2021-03-11,10,Szombat,2021. március 20.,6,0,erősen felhős,,2021-03-20
190,2021-03-11,10,Vasárnap,2021. március 21.,7,1,gyenge eső,,2021-03-21
191,2021-03-11,10,Hétfő,2021. március 22.,8,1,zápor,,2021-03-22
192,2021-03-11,10,Kedd,2021. március 23.,9,1,gyengén felhős,,2021-03-23
193,2021-03-11,10,Szerda,2021. március 24.,10,2,közepesen felhős,,2021-03-24
194,2021-03-11,10,Csütörtök,2021. március 25.,12,3,gyengén felhős,,2021-03-25
195,2021-03-11,22,Péntek,2021. március 12.,13,4,közepesen felhős,Szeles nap,2021-03-12
196,2021-03-11,22,Szombat,2021. március 13.,14,3,gyengén felhős,,2021-03-13
197,2021-03-11,22,Vasárnap,2021. március 14.,10,3,zápor,Hidegfront erős széllel,2021-03-14
198,2021-03-11,22,Hétfő,2021. március 15.,10,1,közepesen felhős,Szeles nap,2021-03-15
199,2021-03-11,22,Kedd,2021. március 16.,8,-1,zápor,Hidegfront erős széllel,2021-03-16
200,2021-03-11,22,Szerda,2021. március 17.,7,-1,zápor,,2021-03-17
201,2021-03-11,22,Csütörtök,2021. március 18.,6,-2,havas eső,,2021-03-18
202,2021-03-11,22,Péntek,2021. március 19.,6,-2,zápor,,2021-03-19
203,2021-03-11,22,Szombat,2021. március 20.,7,-1,erősen felhős,,2021-03-20
204,2021-03-11,22,Vasárnap,2021. március 21.,8,2,gyenge eső,,2021-03-21
205,2021-03-11,22,Hétfő,2021. március 22.,8,1,zápor,,2021-03-22
206,2021-03-11,22,Kedd,2021. március 23.,9,2,erősen felhős,,2021-03-23
207,2021-03-11,22,Szerda,2021. március 24.,9,3,közepesen felhős,,2021-03-24
208,2021-03-11,22,Csütörtök,2021. március 25.,10,3,közepesen felhős,,2021-03-25
209,2021-03-11,22,Péntek,2021. március 26.,12,4,közepesen felhős,,2021-03-26
210,2021-03-12,10,Péntek,2021. március 12.,13,3,közepesen felhős,Szeles nap,2021-03-12
211,2021-03-12,10,Szombat,2021. március 13.,14,3,gyengén felhős,,2021-03-13
212,2021-03-12,10,Vasárnap,2021. március 14.,9,3,borult,Hidegfront erős széllel,2021-03-14
213,2021-03-12,10,Hétfő,2021. március 15.,10,1,közepesen felhős,Szeles nap,2021-03-15
214,2021-03-12,10,Kedd,2021. március 16.,9,1,zápor,Hidegfront erős széllel,2021-03-16
215,2021-03-12,10,Szerda,2021. március 17.,8,0,erősen felhős,Szeles nap,2021-03-17
216,2021-03-12,10,Csütörtök,2021. március 18.,6,-2,erősen felhős,Szeles nap,2021-03-18
217,2021-03-12,10,Péntek,2021. március 19.,7,-2,zápor,,2021-03-19
218,2021-03-12,10,Szombat,2021. március 20.,8,-2,erősen felhős,,2021-03-20
219,2021-03-12,10,Vasárnap,2021. március 21.,8,2,gyenge eső,,2021-03-21
220,2021-03-12,10,Hétfő,2021. március 22.,9,1,erősen felhős,,2021-03-22
221,2021-03-12,10,Kedd,2021. március 23.,10,2,közepesen felhős,,2021-03-23
222,2021-03-12,10,Szerda,2021. március 24.,10,3,zápor,,2021-03-24
223,2021-03-12,10,Csütörtök,2021. március 25.,11,3,közepesen felhős,,2021-03-25
224,2021-03-12,10,Péntek,2021. március 26.,12,4,közepesen felhős,,2021-03-26
225,2021-03-12,22,Szombat,2021. március 13.,14,3,közepesen felhős,Szeles nap,2021-03-13
226,2021-03-12,22,Vasárnap,2021. március 14.,9,4,borult,Hidegfront erős széllel,2021-03-14
227,2021-03-12,22,Hétfő,2021. március 15.,11,1,közepesen felhős,Szeles nap,2021-03-15
228,2021-03-12,22,Kedd,2021. március 16.,9,0,zápor,Szeles nap,2021-03-16
229,2021-03-12,22,Szerda,2021. március 17.,8,-1,zápor,Szeles nap,2021-03-17
230,2021-03-12,22,Csütörtök,2021. március 18.,7,-2,zápor,,2021-03-18
231,2021-03-12,22,Péntek,2021. március 19.,6,-2,zápor,,2021-03-19
232,2021-03-12,22,Szombat,2021. március 20.,7,-1,zápor,,2021-03-20
233,2021-03-12,22,Vasárnap,2021. március 21.,7,0,erősen felhős,,2021-03-21
234,2021-03-12,22,Hétfő,2021. március 22.,9,2,gyenge eső,,2021-03-22
235,2021-03-12,22,Kedd,2021. március 23.,9,3,gyenge eső,,2021-03-23
236,2021-03-12,22,Szerda,2021. március 24.,10,3,erősen felhős,,2021-03-24
237,2021-03-12,22,Csütörtök,2021. március 25.,11,4,erősen felhős,,2021-03-25
238,2021-03-12,22,Péntek,2021. március 26.,11,4,erősen felhős,,2021-03-26
239,2021-03-12,22,Szombat,2021. március 27.,12,4,közepesen felhős,,2021-03-27
240,2021-03-13,10,Szombat,2021. március 13.,14,3,közepesen felhős,Szeles nap,2021-03-13
241,2021-03-13,10,Vasárnap,2021. március 14.,9,5,borult,Hidegfront erős széllel,2021-03-14
242,2021-03-13,10,Hétfő,2021. március 15.,11,1,közepesen felhős,Szeles nap,2021-03-15
243,2021-03-13,10,Kedd,2021. március 16.,9,0,zápor,Szeles nap,2021-03-16
244,2021-03-13,10,Szerda,2021. március 17.,8,-1,zápor,Szeles nap,2021-03-17
245,2021-03-13,10,Csütörtök,2021. március 18.,7,-2,zápor,,2021-03-18
246,2021-03-13,10,Péntek,2021. március 19.,6,-2,zápor,,2021-03-19
247,2021-03-13,10,Szombat,2021. március 20.,7,-1,zápor,,2021-03-20
248,2021-03-13,10,Vasárnap,2021. március 21.,7,0,erősen felhős,,2021-03-21
249,2021-03-13,10,Hétfő,2021. március 22.,9,2,gyenge eső,,2021-03-22
250,2021-03-13,10,Kedd,2021. március 23.,9,3,gyenge eső,,2021-03-23
251,2021-03-13,10,Szerda,2021. március 24.,10,3,erősen felhős,,2021-03-24
252,2021-03-13,10,Csütörtök,2021. március 25.,11,4,erősen felhős,,2021-03-25
253,2021-03-13,10,Péntek,2021. március 26.,11,4,erősen felhős,,2021-03-26
254,2021-03-13,10,Szombat,2021. március 27.,11,3,közepesen felhős,,2021-03-27
255,2021-03-13,22,Vasárnap,2021. március 14.,9,5,gyenge eső,Hidegfront erős széllel,2021-03-14
256,2021-03-13,22,Hétfő,2021. március 15.,11,1,közepesen felhős,Szeles nap,2021-03-15
257,2021-03-13,22,Kedd,2021. március 16.,9,0,zápor,Szeles nap,2021-03-16
258,2021-03-13,22,Szerda,2021. március 17.,8,0,zápor,Szeles nap,2021-03-17
259,2021-03-13,22,Csütörtök,2021. március 18.,7,-2,erősen felhős,,2021-03-18
260,2021-03-13,22,Péntek,2021. március 19.,8,-2,erősen felhős,,2021-03-19
261,2021-03-13,22,Szombat,2021. március 20.,7,1,zápor,Szeles nap,2021-03-20
262,2021-03-13,22,Vasárnap,2021. március 21.,8,1,erősen felhős,,2021-03-21
263,2021-03-13,22,Hétfő,2021. március 22.,9,2,erősen felhős,,2021-03-22
264,2021-03-13,22,Kedd,2021. március 23.,8,3,gyenge eső,,2021-03-23
265,2021-03-13,22,Szerda,2021. március 24.,10,3,erősen felhős,,2021-03-24
266,2021-03-13,22,Csütörtök,2021. március 25.,10,4,közepesen felhős,,2021-03-25
267,2021-03-13,22,Péntek,2021. március 26.,11,4,erősen felhős,,2021-03-26
268,2021-03-13,22,Szombat,2021. március 27.,11,3,közepesen felhős,,2021-03-27
269,2021-03-13,22,Vasárnap,2021. március 28.,12,2,közepesen felhős,,2021-03-28
270,2021-03-14,10,Vasárnap,2021. március 14.,9,4,gyenge eső,Hidegfront erős széllel,2021-03-14
271,2021-03-14,10,Hétfő,2021. március 15.,11,1,közepesen felhős,Szeles nap,2021-03-15
272,2021-03-14,10,Kedd,2021. március 16.,10,3,erősen felhős,Szeles nap,2021-03-16
273,2021-03-14,10,Szerda,2021. március 17.,9,0,erősen felhős,Szeles nap,2021-03-17
274,2021-03-14,10,Csütörtök,2021. március 18.,7,-1,borult,,2021-03-18
275,2021-03-14,10,Péntek,2021. március 19.,8,-1,borult,,2021-03-19
276,2021-03-14,10,Szombat,2021. március 20.,8,-1,zápor,Szeles nap,2021-03-20
277,2021-03-14,10,Vasárnap,2021. március 21.,8,0,erősen felhős,,2021-03-21
278,2021-03-14,10,Hétfő,2021. március 22.,9,1,zápor,,2021-03-22
279,2021-03-14,10,Kedd,2021. március 23.,9,1,erősen felhős,,2021-03-23
280,2021-03-14,10,Szerda,2021. március 24.,8,0,közepesen felhős,,2021-03-24
281,2021-03-14,10,Csütörtök,2021. március 25.,10,2,zápor,,2021-03-25
282,2021-03-14,10,Péntek,2021. március 26.,11,3,közepesen felhős,,2021-03-26
283,2021-03-14,10,Szombat,2021. március 27.,11,2,közepesen felhős,,2021-03-27
284,2021-03-14,10,Vasárnap,2021. március 28.,12,2,közepesen felhős,,2021-03-28
285,2021-03-14,22,Hétfő,2021. március 15.,10,2,közepesen felhős,Szeles nap,2021-03-15
286,2021-03-14,22,Kedd,2021. március 16.,10,2,zápor,Szeles nap,2021-03-16
287,2021-03-14,22,Szerda,2021. március 17.,9,0,erősen felhős,Szeles nap,2021-03-17
288,2021-03-14,22,Csütörtök,2021. március 18.,7,-1,erősen felhős,,2021-03-18
289,2021-03-14,22,Péntek,2021. március 19.,8,-2,erősen felhős,,2021-03-19
290,2021-03-14,22,Szombat,2021. március 20.,10,1,zápor,Melegfront,2021-03-20
291,2021-03-14,22,Vasárnap,2021. március 21.,10,4,zápor,Szeles nap,2021-03-21
292,2021-03-14,22,Hétfő,2021. március 22.,8,4,eső,,2021-03-22
293,2021-03-14,22,Kedd,2021. március 23.,7,2,zápor,,2021-03-23
294,2021-03-14,22,Szerda,2021. március 24.,9,2,közepesen felhős,,2021-03-24
295,2021-03-14,22,Csütörtök,2021. március 25.,10,3,közepesen felhős,,2021-03-25
296,2021-03-14,22,Péntek,2021. március 26.,11,3,közepesen felhős,,2021-03-26
297,2021-03-14,22,Szombat,2021. március 27.,12,4,közepesen felhős,,2021-03-27
298,2021-03-14,22,Vasárnap,2021. március 28.,13,4,közepesen felhős,,2021-03-28
299,2021-03-14,22,Hétfő,2021. március 29.,15,5,közepesen felhős,,2021-03-29
300,2021-03-15,10,Hétfő,2021. március 15.,10,2,erősen felhős,Szeles nap,2021-03-15
301,2021-03-15,10,Kedd,2021. március 16.,10,1,zápor,Szeles nap,2021-03-16
302,2021-03-15,10,Szerda,2021. március 17.,9,1,erősen felhős,Szeles nap,2021-03-17
303,2021-03-15,10,Csütörtök,2021. március 18.,7,0,közepesen felhős,Szeles nap,2021-03-18
304,2021-03-15,10,Péntek,2021. március 19.,7,-2,erősen felhős,,2021-03-19
305,2021-03-15,10,Szombat,2021. március 20.,8,0,közepesen felhős,Hidegfront erős széllel,2021-03-20
306,2021-03-15,10,Vasárnap,2021. március 21.,7,-1,közepesen felhős,Szeles nap,2021-03-21
307,2021-03-15,10,Hétfő,2021. március 22.,8,0,zápor,,2021-03-22
308,2021-03-15,10,Kedd,2021. március 23.,9,1,közepesen felhős,,2021-03-23
309,2021-03-15,10,Szerda,2021. március 24.,9,2,közepesen felhős,,2021-03-24
310,2021-03-15,10,Csütörtök,2021. március 25.,10,2,zápor,,2021-03-25
311,2021-03-15,10,Péntek,2021. március 26.,11,3,közepesen felhős,,2021-03-26
312,2021-03-15,10,Szombat,2021. március 27.,12,3,gyengén felhős,,2021-03-27
313,2021-03-15,10,Vasárnap,2021. március 28.,13,4,közepesen felhős,,2021-03-28
314,2021-03-15,10,Hétfő,2021. március 29.,15,5,közepesen felhős,,2021-03-29
315,2021-03-15,22,Kedd,2021. március 16.,10,1,zápor,Szeles nap,2021-03-16
316,2021-03-15,22,Szerda,2021. március 17.,9,1,erősen felhős,Szeles nap,2021-03-17
317,2021-03-15,22,Csütörtök,2021. március 18.,9,0,erősen felhős,Szeles nap,2021-03-18
318,2021-03-15,22,Péntek,2021. március 19.,7,-1,erősen felhős,,2021-03-19
319,2021-03-15,22,Szombat,2021. március 20.,4,-3,hózápor,Hidegfront erős széllel,2021-03-20
320,2021-03-15,22,Vasárnap,2021. március 21.,6,-3,közepesen felhős,,2021-03-21
321,2021-03-15,22,Hétfő,2021. március 22.,8,2,zápor,Szeles nap,2021-03-22
322,2021-03-15,22,Kedd,2021. március 23.,9,0,közepesen felhős,,2021-03-23
323,2021-03-15,22,Szerda,2021. március 24.,10,0,közepesen felhős,,2021-03-24
324,2021-03-15,22,Csütörtök,2021. március 25.,11,2,közepesen felhős,,2021-03-25
325,2021-03-15,22,Péntek,2021. március 26.,13,3,gyengén felhős,,2021-03-26
326,2021-03-15,22,Szombat,2021. március 27.,14,4,gyengén felhős,,2021-03-27
327,2021-03-15,22,Vasárnap,2021. március 28.,14,5,közepesen felhős,,2021-03-28
328,2021-03-15,22,Hétfő,2021. március 29.,15,5,közepesen felhős,,2021-03-29
329,2021-03-15,22,Kedd,2021. március 30.,16,6,gyengén felhős,,2021-03-30
330,2021-03-16,10,Kedd,2021. március 16.,10,1,közepesen felhős,Szeles nap,2021-03-16
331,2021-03-16,10,Szerda,2021. március 17.,9,1,erősen felhős,Szeles nap,2021-03-17
332,2021-03-16,10,Csütörtök,2021. március 18.,8,0,erősen felhős,,2021-03-18
333,2021-03-16,10,Péntek,2021. március 19.,7,-3,zápor,,2021-03-19
334,2021-03-16,10,Szombat,2021. március 20.,5,-3,erősen felhős,Hidegfront erős széllel,2021-03-20
335,2021-03-16,10,Vasárnap,2021. március 21.,6,-3,közepesen felhős,Szeles nap,2021-03-21
336,2021-03-16,10,Hétfő,2021. március 22.,8,2,erősen felhős,Szeles nap,2021-03-22
337,2021-03-16,10,Kedd,2021. március 23.,11,2,közepesen felhős,,2021-03-23
338,2021-03-16,10,Szerda,2021. március 24.,11,3,közepesen felhős,,2021-03-24
339,2021-03-16,10,Csütörtök,2021. március 25.,12,4,közepesen felhős,,2021-03-25
340,2021-03-16,10,Péntek,2021. március 26.,13,4,gyengén felhős,,2021-03-26
341,2021-03-16,10,Szombat,2021. március 27.,14,4,gyengén felhős,,2021-03-27
342,2021-03-16,10,Vasárnap,2021. március 28.,15,5,közepesen felhős,,2021-03-28
343,2021-03-16,10,Hétfő,2021. március 29.,15,5,közepesen felhős,,2021-03-29
344,2021-03-16,10,Kedd,2021. március 30.,16,6,gyengén felhős,,2021-03-30
345,2021-03-16,22,Szerda,2021. március 17.,9,1,erősen felhős,Szeles nap,2021-03-17
346,2021-03-16,22,Csütörtök,2021. március 18.,8,0,erősen felhős,Szeles nap,2021-03-18
347,2021-03-16,22,Péntek,2021. március 19.,7,-3,zápor,,2021-03-19
348,2021-03-16,22,Szombat,2021. március 20.,6,-3,erősen felhős,Hidegfront erős széllel,2021-03-20
349,2021-03-16,22,Vasárnap,2021. március 21.,7,-2,közepesen felhős,Szeles nap,2021-03-21
350,2021-03-16,22,Hétfő,2021. március 22.,9,-1,zápor,Szeles nap,2021-03-22
351,2021-03-16,22,Kedd,2021. március 23.,11,2,közepesen felhős,,2021-03-23
352,2021-03-16,22,Szerda,2021. március 24.,12,3,közepesen felhős,,2021-03-24
353,2021-03-16,22,Csütörtök,2021. március 25.,13,4,közepesen felhős,,2021-03-25
354,2021-03-16,22,Péntek,2021. március 26.,13,4,gyengén felhős,,2021-03-26
355,2021-03-16,22,Szombat,2021. március 27.,14,4,gyengén felhős,,2021-03-27
356,2021-03-16,22,Vasárnap,2021. március 28.,15,5,közepesen felhős,,2021-03-28
357,2021-03-16,22,Hétfő,2021. március 29.,16,5,közepesen felhős,,2021-03-29
358,2021-03-16,22,Kedd,2021. március 30.,14,6,zápor,,2021-03-30
359,2021-03-16,22,Szerda,2021. március 31.,17,6,közepesen felhős,,2021-03-31
360,2021-03-17,10,Szerda,2021. március 17.,9,1,erősen felhős,Szeles nap,2021-03-17
361,2021-03-17,10,Csütörtök,2021. március 18.,6,0,erősen felhős,Szeles nap,2021-03-18
362,2021-03-17,10,Péntek,2021. március 19.,6,-1,zápor,,2021-03-19
363,2021-03-17,10,Szombat,2021. március 20.,7,-3,közepesen felhős,Hidegfront erős széllel,2021-03-20
364,2021-03-17,10,Vasárnap,2021. március 21.,8,-2,közepesen felhős,,2021-03-21
365,2021-03-17,10,Hétfő,2021. március 22.,10,0,közepesen felhős,Szeles nap,2021-03-22
366,2021-03-17,10,Kedd,2021. március 23.,10,0,közepesen felhős,,2021-03-23
367,2021-03-17,10,Szerda,2021. március 24.,12,2,közepesen felhős,,2021-03-24
368,2021-03-17,10,Csütörtök,2021. március 25.,13,3,gyengén felhős,,2021-03-25
369,2021-03-17,10,Péntek,2021. március 26.,14,4,gyengén felhős,,2021-03-26
370,2021-03-17,10,Szombat,2021. március 27.,14,4,gyengén felhős,,2021-03-27
371,2021-03-17,10,Vasárnap,2021. március 28.,14,5,közepesen felhős,,2021-03-28
372,2021-03-17,10,Hétfő,2021. március 29.,15,5,közepesen felhős,,2021-03-29
373,2021-03-17,10,Kedd,2021. március 30.,15,5,zápor,,2021-03-30
374,2021-03-17,10,Szerda,2021. március 31.,17,5,közepesen felhős,,2021-03-31
375,2021-03-17,22,Csütörtök,2021. március 18.,6,1,zápor,Szeles nap,2021-03-18
376,2021-03-17,22,Péntek,2021. március 19.,6,-3,hózápor,,2021-03-19
377,2021-03-17,22,Szombat,2021. március 20.,7,-4,közepesen felhős,Hidegfront erős széllel,2021-03-20
378,2021-03-17,22,Vasárnap,2021. március 21.,8,-3,közepesen felhős,,2021-03-21
379,2021-03-17,22,Hétfő,2021. március 22.,9,-2,közepesen felhős,Hidegfront erős széllel,2021-03-22
380,2021-03-17,22,Kedd,2021. március 23.,9,-1,gyengén felhős,Szeles nap,2021-03-23
381,2021-03-17,22,Szerda,2021. március 24.,10,-2,közepesen felhős,,2021-03-24
382,2021-03-17,22,Csütörtök,2021. március 25.,11,-1,közepesen felhős,,2021-03-25
383,2021-03-17,22,Péntek,2021. március 26.,13,1,közepesen felhős,,2021-03-26
384,2021-03-17,22,Szombat,2021. március 27.,13,2,gyengén felhős,,2021-03-27
385,2021-03-17,22,Vasárnap,2021. március 28.,13,3,közepesen felhős,,2021-03-28
386,2021-03-17,22,Hétfő,2021. március 29.,14,4,közepesen felhős,,2021-03-29
387,2021-03-17,22,Kedd,2021. március 30.,14,4,zápor,,2021-03-30
388,2021-03-17,22,Szerda,2021. március 31.,14,4,zápor,,2021-03-31
389,2021-03-17,22,Csütörtök,2021. Április 1.,16,6,gyengén felhős,,2021-04-01
390,2021-03-18,10,Csütörtök,2021. március 18.,5,1,zápor,Szeles nap,2021-03-18
391,2021-03-18,10,Péntek,2021. március 19.,5,-1,hózápor,,2021-03-19
392,2021-03-18,10,Szombat,2021. március 20.,6,-1,közepesen felhős,Hidegfront erős széllel,2021-03-20
393,2021-03-18,10,Vasárnap,2021. március 21.,8,-2,gyengén felhős,,2021-03-21
394,2021-03-18,10,Hétfő,2021. március 22.,9,-1,közepesen felhős,Hidegfront erős széllel,2021-03-22
395,2021-03-18,10,Kedd,2021. március 23.,9,-1,gyengén felhős,Szeles nap,2021-03-23
396,2021-03-18,10,Szerda,2021. március 24.,10,0,közepesen felhős,,2021-03-24
397,2021-03-18,10,Csütörtök,2021. március 25.,12,1,közepesen felhős,,2021-03-25
398,2021-03-18,10,Péntek,2021. március 26.,13,3,közepesen felhős,,2021-03-26
399,2021-03-18,10,Szombat,2021. március 27.,15,4,gyengén felhős,,2021-03-27
400,2021-03-18,10,Vasárnap,2021. március 28.,15,5,közepesen felhős,,2021-03-28
401,2021-03-18,10,Hétfő,2021. március 29.,14,4,közepesen felhős,,2021-03-29
402,2021-03-18,10,Kedd,2021. március 30.,15,5,erősen felhős,,2021-03-30
403,2021-03-18,10,Szerda,2021. március 31.,14,4,zápor,,2021-03-31
404,2021-03-18,10,Csütörtök,2021. Április 1.,16,6,gyengén felhős,,2021-04-01
405,2021-03-18,22,Péntek,2021. március 19.,7,-1,közepesen felhős,,2021-03-19
406,2021-03-18,22,Szombat,2021. március 20.,7,-2,közepesen felhős,Hidegfront erős széllel,2021-03-20
407,2021-03-18,22,Vasárnap,2021. március 21.,8,-3,gyengén felhős,,2021-03-21
408,2021-03-18,22,Hétfő,2021. március 22.,7,-3,közepesen felhős,Hidegfront erős széllel,2021-03-22
409,2021-03-18,22,Kedd,2021. március 23.,7,-1,gyengén felhős,Szeles nap,2021-03-23
410,2021-03-18,22,Szerda,2021. március 24.,9,0,közepesen felhős,Szeles nap,2021-03-24
411,2021-03-18,22,Csütörtök,2021. március 25.,10,2,erősen felhős,,2021-03-25
412,2021-03-18,22,Péntek,2021. március 26.,14,4,közepesen felhős,,2021-03-26
413,2021-03-18,22,Szombat,2021. március 27.,15,4,közepesen felhős,,2021-03-27
414,2021-03-18,22,Vasárnap,2021. március 28.,15,5,gyengén felhős,,2021-03-28
415,2021-03-18,22,Hétfő,2021. március 29.,16,6,közepesen felhős,,2021-03-29
416,2021-03-18,22,Kedd,2021. március 30.,16,6,közepesen felhős,,2021-03-30
417,2021-03-18,22,Szerda,2021. március 31.,16,6,erősen felhős,,2021-03-31
418,2021-03-18,22,Csütörtök,2021. Április 1.,15,7,zápor,,2021-04-01
419,2021-03-18,22,Péntek,2021. Április 2.,16,7,közepesen felhős,,2021-04-02
420,2021-03-19,10,Péntek,2021. március 19.,6,-2,hózápor,,2021-03-19
421,2021-03-19,10,Szombat,2021. március 20.,6,-3,zápor,Hidegfront erős széllel,2021-03-20
422,2021-03-19,10,Vasárnap,2021. március 21.,6,-4,derült,,2021-03-21
423,2021-03-19,10,Hétfő,2021. március 22.,7,-2,zápor,Hidegfront erős széllel,2021-03-22
424,2021-03-19,10,Kedd,2021. március 23.,7,-2,közepesen felhős,Szeles nap,2021-03-23
425,2021-03-19,10,Szerda,2021. március 24.,8,0,erősen felhős,Szeles nap,2021-03-24
426,2021-03-19,10,Csütörtök,2021. március 25.,10,1,közepesen felhős,,2021-03-25
427,2021-03-19,10,Péntek,2021. március 26.,13,2,közepesen felhős,,2021-03-26
428,2021-03-19,10,Szombat,2021. március 27.,15,4,gyengén felhős,,2021-03-27
429,2021-03-19,10,Vasárnap,2021. március 28.,16,5,közepesen felhős,,2021-03-28
430,2021-03-19,10,Hétfő,2021. március 29.,16,5,közepesen felhős,,2021-03-29
431,2021-03-19,10,Kedd,2021. március 30.,16,6,erősen felhős,,2021-03-30
432,2021-03-19,10,Szerda,2021. március 31.,15,6,közepesen felhős,,2021-03-31
433,2021-03-19,10,Csütörtök,2021. Április 1.,15,6,zápor,,2021-04-01
434,2021-03-19,10,Péntek,2021. Április 2.,16,6,közepesen felhős,,2021-04-02
435,2021-03-19,22,Szombat,2021. március 20.,6,-3,hózápor,Hidegfront erős széllel,2021-03-20
436,2021-03-19,22,Vasárnap,2021. március 21.,6,-4,gyengén felhős,,2021-03-21
437,2021-03-19,22,Hétfő,2021. március 22.,8,-2,zápor,Hidegfront erős széllel,2021-03-22
438,2021-03-19,22,Kedd,2021. március 23.,8,-3,közepesen felhős,Szeles nap,2021-03-23
439,2021-03-19,22,Szerda,2021. március 24.,9,1,erősen felhős,Szeles nap,2021-03-24
440,2021-03-19,22,Csütörtök,2021. március 25.,11,1,közepesen felhős,,2021-03-25
441,2021-03-19,22,Péntek,2021. március 26.,13,2,közepesen felhős,,2021-03-26
442,2021-03-19,22,Szombat,2021. március 27.,15,4,zápor,,2021-03-27
443,2021-03-19,22,Vasárnap,2021. március 28.,16,6,közepesen felhős,,2021-03-28
444,2021-03-19,22,Hétfő,2021. március 29.,16,6,közepesen felhős,,2021-03-29
445,2021-03-19,22,Kedd,2021. március 30.,17,7,közepesen felhős,,2021-03-30
446,2021-03-19,22,Szerda,2021. március 31.,16,7,erősen felhős,,2021-03-31
447,2021-03-19,22,Csütörtök,2021. Április 1.,15,7,zápor,,2021-04-01
448,2021-03-19,22,Péntek,2021. Április 2.,15,6,zápor,,2021-04-02
449,2021-03-19,22,Szombat,2021. Április 3.,17,6,közepesen felhős,,2021-04-03
450,2021-03-20,10,Szombat,2021. március 20.,6,-3,hózápor,,2021-03-20
451,2021-03-20,10,Vasárnap,2021. március 21.,6,-4,gyengén felhős,,2021-03-21
452,2021-03-20,10,Hétfő,2021. március 22.,8,-2,zápor,Hidegfront erős széllel,2021-03-22
453,2021-03-20,10,Kedd,2021. március 23.,10,-3,közepesen felhős,Szeles nap,2021-03-23
454,2021-03-20,10,Szerda,2021. március 24.,9,1,erősen felhős,Szeles nap,2021-03-24
455,2021-03-20,10,Csütörtök,2021. március 25.,11,2,közepesen felhős,,2021-03-25
456,2021-03-20,10,Péntek,2021. március 26.,13,2,közepesen felhős,,2021-03-26
457,2021-03-20,10,Szombat,2021. március 27.,15,4,zápor,,2021-03-27
458,2021-03-20,10,Vasárnap,2021. március 28.,16,6,közepesen felhős,,2021-03-28
459,2021-03-20,10,Hétfő,2021. március 29.,17,7,zápor,,2021-03-29
460,2021-03-20,10,Kedd,2021. március 30.,16,7,közepesen felhős,,2021-03-30
461,2021-03-20,10,Szerda,2021. március 31.,15,6,erősen felhős,,2021-03-31
462,2021-03-20,10,Csütörtök,2021. Április 1.,14,6,zápor,,2021-04-01
463,2021-03-20,10,Péntek,2021. Április 2.,14,6,közepesen felhős,,2021-04-02
464,2021-03-20,10,Szombat,2021. Április 3.,17,6,közepesen felhős,,2021-04-03
465,2021-03-20,22,Vasárnap,2021. március 21.,6,-5,közepesen felhős,,2021-03-21
466,2021-03-20,22,Hétfő,2021. március 22.,8,-1,közepesen felhős,Hidegfront erős széllel,2021-03-22
467,2021-03-20,22,Kedd,2021. március 23.,10,-4,közepesen felhős,Szeles nap,2021-03-23
468,2021-03-20,22,Szerda,2021. március 24.,9,0,erősen felhős,Szeles nap,2021-03-24
469,2021-03-20,22,Csütörtök,2021. március 25.,11,1,közepesen felhős,,2021-03-25
470,2021-03-20,22,Péntek,2021. március 26.,14,3,közepesen felhős,,2021-03-26
471,2021-03-20,22,Szombat,2021. március 27.,15,5,közepesen felhős,,2021-03-27
472,2021-03-20,22,Vasárnap,2021. március 28.,17,6,közepesen felhős,,2021-03-28
473,2021-03-20,22,Hétfő,2021. március 29.,18,7,erősen felhős,,2021-03-29
474,2021-03-20,22,Kedd,2021. március 30.,17,7,közepesen felhős,,2021-03-30
475,2021-03-20,22,Szerda,2021. március 31.,17,8,erősen felhős,,2021-03-31
476,2021-03-20,22,Csütörtök,2021. Április 1.,16,8,erősen felhős,,2021-04-01
477,2021-03-20,22,Péntek,2021. Április 2.,15,7,zápor,,2021-04-02
478,2021-03-20,22,Szombat,2021. Április 3.,14,6,közepesen felhős,,2021-04-03
479,2021-03-20,22,Vasárnap,2021. Április 4.,17,7,derült,,2021-04-04
480,2021-03-21,10,Vasárnap,2021. március 21.,5,-5,közepesen felhős,,2021-03-21
481,2021-03-21,10,Hétfő,2021. március 22.,8,-2,közepesen felhős,Hidegfront erős széllel,2021-03-22
482,2021-03-21,10,Kedd,2021. március 23.,10,-4,erősen felhős,Szeles nap,2021-03-23
483,2021-03-21,10,Szerda,2021. március 24.,10,1,erősen felhős,Szeles nap,2021-03-24
484,2021-03-21,10,Csütörtök,2021. március 25.,11,-2,közepesen felhős,,2021-03-25
485,2021-03-21,10,Péntek,2021. március 26.,14,0,közepesen felhős,,2021-03-26
486,2021-03-21,10,Szombat,2021. március 27.,16,4,zápor,,2021-03-27
487,2021-03-21,10,Vasárnap,2021. március 28.,14,6,közepesen felhős,,2021-03-28
488,2021-03-21,10,Hétfő,2021. március 29.,15,5,közepesen felhős,,2021-03-29
489,2021-03-21,10,Kedd,2021. március 30.,16,5,gyengén felhős,,2021-03-30
490,2021-03-21,10,Szerda,2021. március 31.,16,6,közepesen felhős,,2021-03-31
491,2021-03-21,10,Csütörtök,2021. Április 1.,15,6,erősen felhős,,2021-04-01
492,2021-03-21,10,Péntek,2021. Április 2.,15,6,zápor,,2021-04-02
493,2021-03-21,10,Szombat,2021. Április 3.,14,5,erősen felhős,,2021-04-03
494,2021-03-21,10,Vasárnap,2021. Április 4.,17,6,derült,,2021-04-04
495,2021-03-21,22,Hétfő,2021. március 22.,8,-2,közepesen felhős,Viharos szél,2021-03-22
496,2021-03-21,22,Kedd,2021. március 23.,11,-4,erősen felhős,Szeles nap,2021-03-23
497,2021-03-21,22,Szerda,2021. március 24.,10,1,erősen felhős,Szeles nap,2021-03-24
498,2021-03-21,22,Csütörtök,2021. március 25.,11,0,közepesen felhős,,2021-03-25
499,2021-03-21,22,Péntek,2021. március 26.,14,1,közepesen felhős,,2021-03-26
500,2021-03-21,22,Szombat,2021. március 27.,16,4,zápor,Melegfront,2021-03-27
501,2021-03-21,22,Vasárnap,2021. március 28.,14,6,közepesen felhős,Hidegfront erős széllel,2021-03-28
502,2021-03-21,22,Hétfő,2021. március 29.,15,5,közepesen felhős,,2021-03-29
503,2021-03-21,22,Kedd,2021. március 30.,16,5,gyengén felhős,,2021-03-30
504,2021-03-21,22,Szerda,2021. március 31.,16,6,gyengén felhős,,2021-03-31
505,2021-03-21,22,Csütörtök,2021. Április 1.,15,6,közepesen felhős,,2021-04-01
506,2021-03-21,22,Péntek,2021. Április 2.,15,6,közepesen felhős,,2021-04-02
507,2021-03-21,22,Szombat,2021. Április 3.,14,5,zápor,,2021-04-03
508,2021-03-21,22,Vasárnap,2021. Április 4.,14,6,közepesen felhős,,2021-04-04
509,2021-03-21,22,Hétfő,2021. Április 5.,17,7,közepesen felhős,,2021-04-05
510,2021-03-22,10,Hétfő,2021. március 22.,8,-2,zápor,Viharos szél,2021-03-22
511,2021-03-22,10,Kedd,2021. március 23.,11,-4,közepesen felhős,Szeles nap,2021-03-23
512,2021-03-22,10,Szerda,2021. március 24.,7,2,zápor,Szeles nap,2021-03-24
513,2021-03-22,10,Csütörtök,2021. március 25.,10,0,erősen felhős,,2021-03-25
514,2021-03-22,10,Péntek,2021. március 26.,14,1,közepesen felhős,,2021-03-26
515,2021-03-22,10,Szombat,2021. március 27.,16,3,zápor,Melegfront,2021-03-27
516,2021-03-22,10,Vasárnap,2021. március 28.,14,6,közepesen felhős,Hidegfront erős széllel,2021-03-28
517,2021-03-22,10,Hétfő,2021. március 29.,15,4,közepesen felhős,,2021-03-29
518,2021-03-22,10,Kedd,2021. március 30.,16,5,gyengén felhős,,2021-03-30
519,2021-03-22,10,Szerda,2021. március 31.,16,5,gyengén felhős,,2021-03-31
520,2021-03-22,10,Csütörtök,2021. Április 1.,16,5,közepesen felhős,,2021-04-01
521,2021-03-22,10,Péntek,2021. Április 2.,15,6,közepesen felhős,,2021-04-02
522,2021-03-22,10,Szombat,2021. Április 3.,14,5,zápor,,2021-04-03
523,2021-03-22,10,Vasárnap,2021. Április 4.,14,5,közepesen felhős,,2021-04-04
524,2021-03-22,10,Hétfő,2021. Április 5.,17,7,közepesen felhős,,2021-04-05
525,2021-03-22,22,Kedd,2021. március 23.,11,-2,erősen felhős,Szeles nap,2021-03-23
526,2021-03-22,22,Szerda,2021. március 24.,7,2,zápor,Szeles nap,2021-03-24
527,2021-03-22,22,Csütörtök,2021. március 25.,10,1,erősen felhős,,2021-03-25
528,2021-03-22,22,Péntek,2021. március 26.,14,1,közepesen felhős,,2021-03-26
529,2021-03-22,22,Szombat,2021. március 27.,16,3,zápor,Melegfront,2021-03-27
530,2021-03-22,22,Vasárnap,2021. március 28.,13,6,közepesen felhős,Hidegfront erős széllel,2021-03-28
531,2021-03-22,22,Hétfő,2021. március 29.,15,4,közepesen felhős,,2021-03-29
532,2021-03-22,22,Kedd,2021. március 30.,16,5,gyengén felhős,,2021-03-30
533,2021-03-22,22,Szerda,2021. március 31.,17,6,gyengén felhős,,2021-03-31
534,2021-03-22,22,Csütörtök,2021. Április 1.,16,6,közepesen felhős,,2021-04-01
535,2021-03-22,22,Péntek,2021. Április 2.,15,6,közepesen felhős,,2021-04-02
536,2021-03-22,22,Szombat,2021. Április 3.,15,6,közepesen felhős,,2021-04-03
537,2021-03-22,22,Vasárnap,2021. Április 4.,14,6,zápor,,2021-04-04
538,2021-03-22,22,Hétfő,2021. Április 5.,14,6,zápor,,2021-04-05
539,2021-03-22,22,Kedd,2021. Április 6.,15,7,gyengén felhős,,2021-04-06
540,2021-03-23,10,Kedd,2021. március 23.,11,-4,erősen felhős,Szeles nap,2021-03-23
541,2021-03-23,10,Szerda,2021. március 24.,7,3,zápor,Szeles nap,2021-03-24
542,2021-03-23,10,Csütörtök,2021. március 25.,10,1,közepesen felhős,,2021-03-25
543,2021-03-23,10,Péntek,2021. március 26.,14,1,közepesen felhős,,2021-03-26
544,2021-03-23,10,Szombat,2021. március 27.,16,3,zápor,Hidegfront erős széllel,2021-03-27
545,2021-03-23,10,Vasárnap,2021. március 28.,13,4,közepesen felhős,Szeles nap,2021-03-28
546,2021-03-23,10,Hétfő,2021. március 29.,15,3,közepesen felhős,,2021-03-29
547,2021-03-23,10,Kedd,2021. március 30.,16,5,gyengén felhős,,2021-03-30
548,2021-03-23,10,Szerda,2021. március 31.,17,6,gyengén felhős,,2021-03-31
549,2021-03-23,10,Csütörtök,2021. Április 1.,16,6,közepesen felhős,,2021-04-01
550,2021-03-23,10,Péntek,2021. Április 2.,15,6,közepesen felhős,,2021-04-02
551,2021-03-23,10,Szombat,2021. Április 3.,15,6,közepesen felhős,,2021-04-03
552,2021-03-23,10,Vasárnap,2021. Április 4.,14,6,zápor,,2021-04-04
553,2021-03-23,10,Hétfő,2021. Április 5.,14,6,zápor,,2021-04-05
554,2021-03-23,10,Kedd,2021. Április 6.,15,7,gyengén felhős,,2021-04-06
555,2021-03-23,22,Szerda,2021. március 24.,7,1,zápor,Szeles nap,2021-03-24
556,2021-03-23,22,Csütörtök,2021. március 25.,11,0,erősen felhős,,2021-03-25
557,2021-03-23,22,Péntek,2021. március 26.,14,1,közepesen felhős,,2021-03-26
558,2021-03-23,22,Szombat,2021. március 27.,16,4,zápor,Hidegfront erős széllel,2021-03-27
559,2021-03-23,22,Vasárnap,2021. március 28.,13,4,erősen felhős,Szeles nap,2021-03-28
560,2021-03-23,22,Hétfő,2021. március 29.,15,3,közepesen felhős,,2021-03-29
561,2021-03-23,22,Kedd,2021. március 30.,17,5,gyengén felhős,,2021-03-30
562,2021-03-23,22,Szerda,2021. március 31.,19,7,gyengén felhős,,2021-03-31
563,2021-03-23,22,Csütörtök,2021. Április 1.,19,8,gyengén felhős,,2021-04-01
564,2021-03-23,22,Péntek,2021. Április 2.,17,7,közepesen felhős,,2021-04-02
565,2021-03-23,22,Szombat,2021. Április 3.,16,8,erősen felhős,,2021-04-03
566,2021-03-23,22,Vasárnap,2021. Április 4.,16,7,zápor,,2021-04-04
567,2021-03-23,22,Hétfő,2021. Április 5.,15,7,zápor,,2021-04-05
568,2021-03-23,22,Kedd,2021. Április 6.,14,6,zápor,,2021-04-06
569,2021-03-23,22,Szerda,2021. Április 7.,15,7,közepesen felhős,,2021-04-07
570,2021-03-24,10,Szerda,2021. március 24.,8,0,zápor,Szeles nap,2021-03-24
571,2021-03-24,10,Csütörtök,2021. március 25.,11,1,erősen felhős,,2021-03-25
572,2021-03-24,10,Péntek,2021. március 26.,14,2,közepesen felhős,,2021-03-26
573,2021-03-24,10,Szombat,2021. március 27.,16,4,zápor,Hidegfront erős széllel,2021-03-27
574,2021-03-24,10,Vasárnap,2021. március 28.,14,5,erősen felhős,Szeles nap,2021-03-28
575,2021-03-24,10,Hétfő,2021. március 29.,16,3,közepesen felhős,,2021-03-29
576,2021-03-24,10,Kedd,2021. március 30.,18,6,közepesen felhős,,2021-03-30
577,2021-03-24,10,Szerda,2021. március 31.,19,7,gyengén felhős,,2021-03-31
578,2021-03-24,10,Csütörtök,2021. Április 1.,20,8,gyengén felhős,,2021-04-01
579,2021-03-24,10,Péntek,2021. Április 2.,17,7,közepesen felhős,,2021-04-02
580,2021-03-24,10,Szombat,2021. Április 3.,16,8,erősen felhős,,2021-04-03
581,2021-03-24,10,Vasárnap,2021. Április 4.,16,7,zápor,,2021-04-04
582,2021-03-24,10,Hétfő,2021. Április 5.,15,7,zápor,,2021-04-05
583,2021-03-24,10,Kedd,2021. Április 6.,16,6,közepesen felhős,,2021-04-06
584,2021-03-24,10,Szerda,2021. Április 7.,16,7,közepesen felhős,,2021-04-07
585,2021-03-24,22,Csütörtök,2021. március 25.,11,2,erősen felhős,,2021-03-25
586,2021-03-24,22,Péntek,2021. március 26.,15,1,közepesen felhős,,2021-03-26
587,2021-03-24,22,Szombat,2021. március 27.,16,3,zápor,Hidegfront erős széllel,2021-03-27
588,2021-03-24,22,Vasárnap,2021. március 28.,13,4,erősen felhős,,2021-03-28
589,2021-03-24,22,Hétfő,2021. március 29.,17,3,közepesen felhős,,2021-03-29
590,2021-03-24,22,Kedd,2021. március 30.,19,6,közepesen felhős,,2021-03-30
591,2021-03-24,22,Szerda,2021. március 31.,20,8,gyengén felhős,,2021-03-31
592,2021-03-24,22,Csütörtök,2021. Április 1.,20,8,közepesen felhős,,2021-04-01
593,2021-03-24,22,Péntek,2021. Április 2.,19,8,zápor,,2021-04-02
594,2021-03-24,22,Szombat,2021. Április 3.,17,8,erősen felhős,,2021-04-03
595,2021-03-24,22,Vasárnap,2021. Április 4.,16,7,zápor,,2021-04-04
596,2021-03-24,22,Hétfő,2021. Április 5.,16,8,zápor,,2021-04-05
597,2021-03-24,22,Kedd,2021. Április 6.,17,7,erősen felhős,,2021-04-06
598,2021-03-24,22,Szerda,2021. Április 7.,17,7,zápor,,2021-04-07
599,2021-03-24,22,Csütörtök,2021. Április 8.,19,8,közepesen felhős,,2021-04-08
600,2021-03-25,10,Csütörtök,2021. március 25.,11,-2,erősen felhős,,2021-03-25
601,2021-03-25,10,Péntek,2021. március 26.,15,1,közepesen felhős,,2021-03-26
602,2021-03-25,10,Szombat,2021. március 27.,16,3,zápor,Hidegfront erős széllel,2021-03-27
603,2021-03-25,10,Vasárnap,2021. március 28.,13,4,erősen felhős,,2021-03-28
604,2021-03-25,10,Hétfő,2021. március 29.,17,3,közepesen felhős,,2021-03-29
605,2021-03-25,10,Kedd,2021. március 30.,19,6,közepesen felhős,,2021-03-30
606,2021-03-25,10,Szerda,2021. március 31.,21,8,gyengén felhős,,2021-03-31
607,2021-03-25,10,Csütörtök,2021. Április 1.,20,8,közepesen felhős,,2021-04-01
608,2021-03-25,10,Péntek,2021. Április 2.,17,8,zápor,,2021-04-02
609,2021-03-25,10,Szombat,2021. Április 3.,16,8,erősen felhős,,2021-04-03
610,2021-03-25,10,Vasárnap,2021. Április 4.,15,7,zápor,,2021-04-04
611,2021-03-25,10,Hétfő,2021. Április 5.,15,8,zápor,,2021-04-05
612,2021-03-25,10,Kedd,2021. Április 6.,14,7,erősen felhős,,2021-04-06
613,2021-03-25,10,Szerda,2021. Április 7.,15,7,zápor,,2021-04-07
614,2021-03-25,10,Csütörtök,2021. Április 8.,18,8,közepesen felhős,,2021-04-08
615,2021-03-25,22,Péntek,2021. március 26.,17,1,közepesen felhős,,2021-03-26
616,2021-03-25,22,Szombat,2021. március 27.,18,3,közepesen felhős,Hidegfront erős széllel,2021-03-27
617,2021-03-25,22,Vasárnap,2021. március 28.,13,4,erősen felhős,,2021-03-28
618,2021-03-25,22,Hétfő,2021. március 29.,16,1,erősen felhős,,2021-03-29
619,2021-03-25,22,Kedd,2021. március 30.,19,6,közepesen felhős,,2021-03-30
620,2021-03-25,22,Szerda,2021. március 31.,21,7,gyengén felhős,,2021-03-31
621,2021-03-25,22,Csütörtök,2021. Április 1.,20,8,közepesen felhős,Hidegfront,2021-04-01
622,2021-03-25,22,Péntek,2021. Április 2.,17,7,zápor,,2021-04-02
623,2021-03-25,22,Szombat,2021. Április 3.,16,8,erősen felhős,,2021-04-03
624,2021-03-25,22,Vasárnap,2021. Április 4.,15,7,zápor,,2021-04-04
625,2021-03-25,22,Hétfő,2021. Április 5.,16,6,közepesen felhős,,2021-04-05
626,2021-03-25,22,Kedd,2021. Április 6.,15,6,zápor,,2021-04-06
627,2021-03-25,22,Szerda,2021. Április 7.,14,5,közepesen felhős,,2021-04-07
628,2021-03-25,22,Csütörtök,2021. Április 8.,13,5,zápor,,2021-04-08
629,2021-03-25,22,Péntek,2021. Április 9.,16,7,közepesen felhős,,2021-04-09
630,2021-03-26,10,Péntek,2021. március 26.,16,2,közepesen felhős,,2021-03-26
631,2021-03-26,10,Szombat,2021. március 27.,18,3,erősen felhős,Hidegfront erős széllel,2021-03-27
632,2021-03-26,10,Vasárnap,2021. március 28.,13,5,erősen felhős,,2021-03-28
633,2021-03-26,10,Hétfő,2021. március 29.,16,1,közepesen felhős,,2021-03-29
634,2021-03-26,10,Kedd,2021. március 30.,19,5,közepesen felhős,,2021-03-30
635,2021-03-26,10,Szerda,2021. március 31.,20,6,gyengén felhős,,2021-03-31
636,2021-03-26,10,Csütörtök,2021. Április 1.,19,7,közepesen felhős,Hidegfront,2021-04-01
637,2021-03-26,10,Péntek,2021. Április 2.,16,5,zápor,,2021-04-02
638,2021-03-26,10,Szombat,2021. Április 3.,13,6,zápor,,2021-04-03
639,2021-03-26,10,Vasárnap,2021. Április 4.,14,4,erősen felhős,,2021-04-04
640,2021-03-26,10,Hétfő,2021. Április 5.,16,5,közepesen felhős,,2021-04-05
641,2021-03-26,10,Kedd,2021. Április 6.,16,6,zápor,,2021-04-06
642,2021-03-26,10,Szerda,2021. Április 7.,15,6,közepesen felhős,,2021-04-07
643,2021-03-26,10,Csütörtök,2021. Április 8.,13,5,zápor,,2021-04-08
644,2021-03-26,10,Péntek,2021. Április 9.,16,7,közepesen felhős,,2021-04-09
645,2021-03-26,22,Szombat,2021. március 27.,18,3,közepesen felhős,Hidegfront erős széllel,2021-03-27
646,2021-03-26,22,Vasárnap,2021. március 28.,13,3,közepesen felhős,,2021-03-28
647,2021-03-26,22,Hétfő,2021. március 29.,16,3,erősen felhős,,2021-03-29
648,2021-03-26,22,Kedd,2021. március 30.,18,4,közepesen felhős,,2021-03-30
649,2021-03-26,22,Szerda,2021. március 31.,20,6,gyengén felhős,,2021-03-31
650,2021-03-26,22,Csütörtök,2021. Április 1.,20,7,közepesen felhős,,2021-04-01
651,2021-03-26,22,Péntek,2021. Április 2.,17,5,közepesen felhős,Hidegfront erős széllel,2021-04-02
652,2021-03-26,22,Szombat,2021. Április 3.,14,4,zápor,,2021-04-03
653,2021-03-26,22,Vasárnap,2021. Április 4.,12,3,zápor,,2021-04-04
654,2021-03-26,22,Hétfő,2021. Április 5.,16,5,erősen felhős,,2021-04-05
655,2021-03-26,22,Kedd,2021. Április 6.,16,6,zápor,,2021-04-06
656,2021-03-26,22,Szerda,2021. Április 7.,16,6,közepesen felhős,,2021-04-07
657,2021-03-26,22,Csütörtök,2021. Április 8.,15,6,közepesen felhős,,2021-04-08
658,2021-03-26,22,Péntek,2021. Április 9.,15,6,zápor,,2021-04-09
659,2021-03-26,22,Szombat,2021. Április 10.,17,7,gyengén felhős,,2021-04-10
660,2021-03-27,10,Szombat,2021. március 27.,18,2,közepesen felhős,Hidegfront erős széllel,2021-03-27
661,2021-03-27,10,Vasárnap,2021. március 28.,13,4,erősen felhős,,2021-03-28
662,2021-03-27,10,Hétfő,2021. március 29.,16,3,erősen felhős,,2021-03-29
663,2021-03-27,10,Kedd,2021. március 30.,18,4,közepesen felhős,,2021-03-30
664,2021-03-27,10,Szerda,2021. március 31.,20,6,gyengén felhős,,2021-03-31
665,2021-03-27,10,Csütörtök,2021. Április 1.,20,7,közepesen felhős,,2021-04-01
666,2021-03-27,10,Péntek,2021. Április 2.,17,5,közepesen felhős,Hidegfront erős széllel,2021-04-02
667,2021-03-27,10,Szombat,2021. Április 3.,14,4,zápor,,2021-04-03
668,2021-03-27,10,Vasárnap,2021. Április 4.,12,3,zápor,,2021-04-04
669,2021-03-27,10,Hétfő,2021. Április 5.,16,5,erősen felhős,,2021-04-05
670,2021-03-27,10,Kedd,2021. Április 6.,16,6,zápor,,2021-04-06
671,2021-03-27,10,Szerda,2021. Április 7.,16,6,közepesen felhős,,2021-04-07
672,2021-03-27,10,Csütörtök,2021. Április 8.,15,6,közepesen felhős,,2021-04-08
673,2021-03-27,10,Péntek,2021. Április 9.,15,6,zápor,,2021-04-09
674,2021-03-27,10,Szombat,2021. Április 10.,17,7,gyengén felhős,,2021-04-10
675,2021-03-27,22,Vasárnap,2021. március 28.,13,4,erősen felhős,,2021-03-28
676,2021-03-27,22,Hétfő,2021. március 29.,16,3,erősen felhős,,2021-03-29
677,2021-03-27,22,Kedd,2021. március 30.,18,7,közepesen felhős,,2021-03-30
678,2021-03-27,22,Szerda,2021. március 31.,20,5,gyengén felhős,,2021-03-31
679,2021-03-27,22,Csütörtök,2021. Április 1.,20,7,közepesen felhős,Szeles nap,2021-04-01
680,2021-03-27,22,Péntek,2021. Április 2.,15,7,zápor,Hidegfront erős széllel,2021-04-02
681,2021-03-27,22,Szombat,2021. Április 3.,11,4,zápor,,2021-04-03
682,2021-03-27,22,Vasárnap,2021. Április 4.,12,4,erősen felhős,,2021-04-04
683,2021-03-27,22,Hétfő,2021. Április 5.,14,5,erősen felhős,,2021-04-05
684,2021-03-27,22,Kedd,2021. Április 6.,15,6,zápor,,2021-04-06
685,2021-03-27,22,Szerda,2021. Április 7.,14,6,zápor,,2021-04-07
686,2021-03-27,22,Csütörtök,2021. Április 8.,15,5,közepesen felhős,,2021-04-08
687,2021-03-27,22,Péntek,2021. Április 9.,15,6,zápor,,2021-04-09
688,2021-03-27,22,Szombat,2021. Április 10.,15,6,közepesen felhős,,2021-04-10
689,2021-03-27,22,Vasárnap,2021. Április 11.,17,7,közepesen felhős,,2021-04-11
690,2021-03-28,10,Vasárnap,2021. március 28.,13,6,erősen felhős,,2021-03-28
691,2021-03-28,10,Hétfő,2021. március 29.,16,2,erősen felhős,,2021-03-29
692,2021-03-28,10,Kedd,2021. március 30.,17,6,közepesen felhős,,2021-03-30
693,2021-03-28,10,Szerda,2021. március 31.,19,6,közepesen felhős,,2021-03-31
694,2021-03-28,10,Csütörtök,2021. Április 1.,20,6,közepesen felhős,,2021-04-01
695,2021-03-28,10,Péntek,2021. Április 2.,17,7,zápor,Hidegfront erős széllel,2021-04-02
696,2021-03-28,10,Szombat,2021. Április 3.,12,4,közepesen felhős,,2021-04-03
697,2021-03-28,10,Vasárnap,2021. Április 4.,13,2,közepesen felhős,,2021-04-04
698,2021-03-28,10,Hétfő,2021. Április 5.,15,5,zápor,,2021-04-05
699,2021-03-28,10,Kedd,2021. Április 6.,16,6,zápor,,2021-04-06
700,2021-03-28,10,Szerda,2021. Április 7.,16,7,zápor,,2021-04-07
701,2021-03-28,10,Csütörtök,2021. Április 8.,16,7,erősen felhős,,2021-04-08
702,2021-03-28,10,Péntek,2021. Április 9.,16,6,zápor,,2021-04-09
703,2021-03-28,10,Szombat,2021. Április 10.,16,7,közepesen felhős,,2021-04-10
704,2021-03-28,10,Vasárnap,2021. Április 11.,17,7,közepesen felhős,,2021-04-11
705,2021-03-28,22,Hétfő,2021. március 29.,16,2,erősen felhős,,2021-03-29
706,2021-03-28,22,Kedd,2021. március 30.,17,6,közepesen felhős,,2021-03-30
707,2021-03-28,22,Szerda,2021. március 31.,19,6,közepesen felhős,,2021-03-31
708,2021-03-28,22,Csütörtök,2021. Április 1.,20,6,közepesen felhős,,2021-04-01
709,2021-03-28,22,Péntek,2021. Április 2.,17,7,zápor,Hidegfront erős széllel,2021-04-02
710,2021-03-28,22,Szombat,2021. Április 3.,11,3,közepesen felhős,,2021-04-03
711,2021-03-28,22,Vasárnap,2021. Április 4.,13,2,közepesen felhős,Szeles nap,2021-04-04
712,2021-03-28,22,Hétfő,2021. Április 5.,15,3,erősen felhős,,2021-04-05
713,2021-03-28,22,Kedd,2021. Április 6.,16,5,zápor,,2021-04-06
714,2021-03-28,22,Szerda,2021. Április 7.,17,7,zápor,,2021-04-07
715,2021-03-28,22,Csütörtök,2021. Április 8.,16,7,erősen felhős,,2021-04-08
716,2021-03-28,22,Péntek,2021. Április 9.,17,7,erősen felhős,,2021-04-09
717,2021-03-28,22,Szombat,2021. Április 10.,15,7,zápor,,2021-04-10
718,2021-03-28,22,Vasárnap,2021. Április 11.,16,6,erősen felhős,,2021-04-11
719,2021-03-28,22,Hétfő,2021. Április 12.,18,7,közepesen felhős,,2021-04-12
720,2021-03-29,10,Hétfő,2021. március 29.,16,1,közepesen felhős,,2021-03-29
721,2021-03-29,10,Kedd,2021. március 30.,16,6,erősen felhős,,2021-03-30
722,2021-03-29,10,Szerda,2021. március 31.,18,7,erősen felhős,,2021-03-31
723,2021-03-29,10,Csütörtök,2021. Április 1.,21,7,közepesen felhős,,2021-04-01
724,2021-03-29,10,Péntek,2021. Április 2.,18,8,zápor,Hidegfront erős széllel,2021-04-02
725,2021-03-29,10,Szombat,2021. Április 3.,13,4,közepesen felhős,,2021-04-03
726,2021-03-29,10,Vasárnap,2021. Április 4.,14,2,közepesen felhős,,2021-04-04
727,2021-03-29,10,Hétfő,2021. Április 5.,16,4,közepesen felhős,,2021-04-05
728,2021-03-29,10,Kedd,2021. Április 6.,17,7,zápor,,2021-04-06
729,2021-03-29,10,Szerda,2021. Április 7.,18,7,zápor,,2021-04-07
730,2021-03-29,10,Csütörtök,2021. Április 8.,17,8,közepesen felhős,,2021-04-08
731,2021-03-29,10,Péntek,2021. Április 9.,17,8,erősen felhős,,2021-04-09
732,2021-03-29,10,Szombat,2021. Április 10.,16,7,zápor,,2021-04-10
733,2021-03-29,10,Vasárnap,2021. Április 11.,17,7,zápor,,2021-04-11
734,2021-03-29,10,Hétfő,2021. Április 12.,18,7,közepesen felhős,,2021-04-12
735,2021-03-29,22,Kedd,2021. március 30.,14,7,erősen felhős,,2021-03-30
736,2021-03-29,22,Szerda,2021. március 31.,18,6,közepesen felhős,,2021-03-31
737,2021-03-29,22,Csütörtök,2021. Április 1.,21,7,közepesen felhős,,2021-04-01
738,2021-03-29,22,Péntek,2021. Április 2.,18,8,zápor,Hidegfront erős széllel,2021-04-02
739,2021-03-29,22,Szombat,2021. Április 3.,13,3,közepesen felhős,,2021-04-03
740,2021-03-29,22,Vasárnap,2021. Április 4.,13,2,közepesen felhős,,2021-04-04
741,2021-03-29,22,Hétfő,2021. Április 5.,16,5,közepesen felhős,,2021-04-05
742,2021-03-29,22,Kedd,2021. Április 6.,17,7,zápor,,2021-04-06
743,2021-03-29,22,Szerda,2021. Április 7.,18,8,zápor,,2021-04-07
744,2021-03-29,22,Csütörtök,2021. Április 8.,18,8,zápor,,2021-04-08
745,2021-03-29,22,Péntek,2021. Április 9.,18,9,erősen felhős,,2021-04-09
746,2021-03-29,22,Szombat,2021. Április 10.,17,9,zápor,,2021-04-10
747,2021-03-29,22,Vasárnap,2021. Április 11.,17,8,zápor,,2021-04-11
748,2021-03-29,22,Hétfő,2021. Április 12.,18,7,erősen felhős,,2021-04-12
749,2021-03-29,22,Kedd,2021. Április 13.,19,7,közepesen felhős,,2021-04-13
750,2021-03-30,10,Kedd,2021. március 30.,15,6,gyenge eső,,2021-03-30
751,2021-03-30,10,Szerda,2021. március 31.,18,6,közepesen felhős,,2021-03-31
752,2021-03-30,10,Csütörtök,2021. Április 1.,21,7,közepesen felhős,,2021-04-01
753,2021-03-30,10,Péntek,2021. Április 2.,19,8,gyengén felhős,Hidegfront erős széllel,2021-04-02
754,2021-03-30,10,Szombat,2021. Április 3.,14,3,zápor,,2021-04-03
755,2021-03-30,10,Vasárnap,2021. Április 4.,13,2,közepesen felhős,,2021-04-04
756,2021-03-30,10,Hétfő,2021. Április 5.,16,5,közepesen felhős,,2021-04-05
757,2021-03-30,10,Kedd,2021. Április 6.,17,7,zápor,,2021-04-06
758,2021-03-30,10,Szerda,2021. Április 7.,18,8,zápor,,2021-04-07
759,2021-03-30,10,Csütörtök,2021. Április 8.,18,8,zápor,,2021-04-08
760,2021-03-30,10,Péntek,2021. Április 9.,18,9,erősen felhős,,2021-04-09
761,2021-03-30,10,Szombat,2021. Április 10.,17,9,zápor,,2021-04-10
762,2021-03-30,10,Vasárnap,2021. Április 11.,17,8,zápor,,2021-04-11
763,2021-03-30,10,Hétfő,2021. Április 12.,18,7,erősen felhős,,2021-04-12
764,2021-03-30,10,Kedd,2021. Április 13.,19,7,közepesen felhős,,2021-04-13
765,2021-03-30,22,Szerda,2021. március 31.,21,6,közepesen felhős,,2021-03-31
766,2021-03-30,22,Csütörtök,2021. Április 1.,22,7,közepesen felhős,Elszórtan zivatarok,2021-04-01
767,2021-03-30,22,Péntek,2021. Április 2.,18,8,gyengén felhős,Hidegfront erős széllel,2021-04-02
768,2021-03-30,22,Szombat,2021. Április 3.,13,3,zápor,Szeles nap,2021-04-03
769,2021-03-30,22,Vasárnap,2021. Április 4.,14,2,közepesen felhős,,2021-04-04
770,2021-03-30,22,Hétfő,2021. Április 5.,16,5,gyengén felhős,,2021-04-05
771,2021-03-30,22,Kedd,2021. Április 6.,17,7,erősen felhős,,2021-04-06
772,2021-03-30,22,Szerda,2021. Április 7.,18,8,zápor,,2021-04-07
773,2021-03-30,22,Csütörtök,2021. Április 8.,19,9,zápor,,2021-04-08
774,2021-03-30,22,Péntek,2021. Április 9.,18,9,zápor,,2021-04-09
775,2021-03-30,22,Szombat,2021. Április 10.,16,8,közepesen felhős,,2021-04-10
776,2021-03-30,22,Vasárnap,2021. Április 11.,17,7,közepesen felhős,,2021-04-11
777,2021-03-30,22,Hétfő,2021. Április 12.,18,7,erősen felhős,,2021-04-12
778,2021-03-30,22,Kedd,2021. Április 13.,17,8,közepesen felhős,,2021-04-13
779,2021-03-30,22,Szerda,2021. Április 14.,17,8,közepesen felhős,,2021-04-14
780,2021-03-31,10,Szerda,2021. március 31.,21,6,gyengén felhős,,2021-03-31
781,2021-03-31,10,Csütörtök,2021. Április 1.,22,7,közepesen felhős,Elszórtan zivatarok,2021-04-01
782,2021-03-31,10,Péntek,2021. Április 2.,18,9,gyengén felhős,Hidegfront erős széllel,2021-04-02
783,2021-03-31,10,Szombat,2021. Április 3.,12,3,zápor,Szeles nap,2021-04-03
784,2021-03-31,10,Vasárnap,2021. Április 4.,14,0,zápor,,2021-04-04
785,2021-03-31,10,Hétfő,2021. Április 5.,16,-1,gyengén felhős,,2021-04-05
786,2021-03-31,10,Kedd,2021. Április 6.,16,3,gyenge eső,Hidegfront erős széllel,2021-04-06
787,2021-03-31,10,Szerda,2021. Április 7.,14,5,zápor,,2021-04-07
788,2021-03-31,10,Csütörtök,2021. Április 8.,14,5,zápor,,2021-04-08
789,2021-03-31,10,Péntek,2021. Április 9.,13,6,közepesen felhős,,2021-04-09
790,2021-03-31,10,Szombat,2021. Április 10.,14,6,közepesen felhős,,2021-04-10
791,2021-03-31,10,Vasárnap,2021. Április 11.,15,6,közepesen felhős,,2021-04-11
792,2021-03-31,10,Hétfő,2021. Április 12.,15,7,erősen felhős,,2021-04-12
793,2021-03-31,10,Kedd,2021. Április 13.,16,8,közepesen felhős,,2021-04-13
794,2021-03-31,10,Szerda,2021. Április 14.,17,8,közepesen felhős,,2021-04-14
795,2021-03-31,22,Csütörtök,2021. Április 1.,23,7,közepesen felhős,Elszórtan zivatarok,2021-04-01
796,2021-03-31,22,Péntek,2021. Április 2.,15,9,gyengén felhős,Hidegfront erős széllel,2021-04-02
797,2021-03-31,22,Szombat,2021. Április 3.,11,4,zápor,Viharos szél,2021-04-03
798,2021-03-31,22,Vasárnap,2021. Április 4.,11,0,közepesen felhős,Szeles nap,2021-04-04
799,2021-03-31,22,Hétfő,2021. Április 5.,15,-2,gyengén felhős,Szeles nap,2021-04-05
800,2021-03-31,22,Kedd,2021. Április 6.,15,4,zápor,Hidegfront esővel és viharos széllel,2021-04-06
801,2021-03-31,22,Szerda,2021. Április 7.,13,4,zápor,,2021-04-07
802,2021-03-31,22,Csütörtök,2021. Április 8.,12,3,zápor,,2021-04-08
803,2021-03-31,22,Péntek,2021. Április 9.,13,3,erősen felhős,,2021-04-09
804,2021-03-31,22,Szombat,2021. Április 10.,14,4,közepesen felhős,,2021-04-10
805,2021-03-31,22,Vasárnap,2021. Április 11.,15,5,zápor,,2021-04-11
806,2021-03-31,22,Hétfő,2021. Április 12.,15,6,zápor,,2021-04-12
807,2021-03-31,22,Kedd,2021. Április 13.,15,6,közepesen felhős,,2021-04-13
808,2021-03-31,22,Szerda,2021. Április 14.,16,7,közepesen felhős,,2021-04-14
809,2021-03-31,22,Csütörtök,2021. Április 15.,18,7,közepesen felhős,,2021-04-15
810,2021-04-01,10,Csütörtök,2021. Április 1.,23,7,közepesen felhős,Elszórtan zivatarok,2021-04-01
811,2021-04-01,10,Péntek,2021. Április 2.,15,8,közepesen felhős,Hidegfront erős széllel,2021-04-02
812,2021-04-01,10,Szombat,2021. Április 3.,11,4,zápor,Viharos szél,2021-04-03
813,2021-04-01,10,Vasárnap,2021. Április 4.,11,0,zápor,Szeles nap,2021-04-04
814,2021-04-01,10,Hétfő,2021. Április 5.,14,-2,gyengén felhős,Szeles nap,2021-04-05
815,2021-04-01,10,Kedd,2021. Április 6.,15,4,zápor,Hidegfront esővel és viharos széllel,2021-04-06
816,2021-04-01,10,Szerda,2021. Április 7.,13,4,zápor,,2021-04-07
817,2021-04-01,10,Csütörtök,2021. Április 8.,12,3,zápor,,2021-04-08
818,2021-04-01,10,Péntek,2021. Április 9.,13,4,erősen felhős,,2021-04-09
819,2021-04-01,10,Szombat,2021. Április 10.,14,5,közepesen felhős,,2021-04-10
820,2021-04-01,10,Vasárnap,2021. Április 11.,15,6,zápor,,2021-04-11
821,2021-04-01,10,Hétfő,2021. Április 12.,16,6,zápor,,2021-04-12
822,2021-04-01,10,Kedd,2021. Április 13.,15,7,közepesen felhős,,2021-04-13
823,2021-04-01,10,Szerda,2021. Április 14.,16,7,közepesen felhős,,2021-04-14
824,2021-04-01,10,Csütörtök,2021. Április 15.,18,7,közepesen felhős,,2021-04-15
825,2021-04-01,22,Péntek,2021. Április 2.,19,8,közepesen felhős,Hidegfront erős széllel,2021-04-02
826,2021-04-01,22,Szombat,2021. Április 3.,12,4,zápor,Viharos szél,2021-04-03
827,2021-04-01,22,Vasárnap,2021. Április 4.,11,3,zápor,Szeles nap,2021-04-04
828,2021-04-01,22,Hétfő,2021. Április 5.,14,-2,gyengén felhős,Szeles nap,2021-04-05
829,2021-04-01,22,Kedd,2021. Április 6.,11,4,zápor,Hidegfront erős széllel,2021-04-06
830,2021-04-01,22,Szerda,2021. Április 7.,11,3,zápor,Szeles nap,2021-04-07
831,2021-04-01,22,Csütörtök,2021. Április 8.,12,4,zápor,Szeles nap,2021-04-08
832,2021-04-01,22,Péntek,2021. Április 9.,15,4,közepesen felhős,,2021-04-09
833,2021-04-01,22,Szombat,2021. Április 10.,16,5,erősen felhős,,2021-04-10
834,2021-04-01,22,Vasárnap,2021. Április 11.,16,6,zápor,,2021-04-11
835,2021-04-01,22,Hétfő,2021. Április 12.,17,7,zápor,,2021-04-12
836,2021-04-01,22,Kedd,2021. Április 13.,17,7,közepesen felhős,,2021-04-13
837,2021-04-01,22,Szerda,2021. Április 14.,18,7,közepesen felhős,,2021-04-14
838,2021-04-01,22,Csütörtök,2021. Április 15.,18,7,közepesen felhős,,2021-04-15
839,2021-04-01,22,Péntek,2021. Április 16.,19,8,gyengén felhős,,2021-04-16
840,2021-04-02,10,Péntek,2021. Április 2.,19,9,közepesen felhős,Hidegfront erős széllel,2021-04-02
841,2021-04-02,10,Szombat,2021. Április 3.,12,4,zápor,Viharos szél,2021-04-03
842,2021-04-02,10,Vasárnap,2021. Április 4.,11,3,zápor,Szeles nap,2021-04-04
843,2021-04-02,10,Hétfő,2021. Április 5.,14,-2,gyengén felhős,Szeles nap,2021-04-05
844,2021-04-02,10,Kedd,2021. Április 6.,11,4,zápor,Hidegfront erős széllel,2021-04-06
845,2021-04-02,10,Szerda,2021. Április 7.,11,3,zápor,Szeles nap,2021-04-07
846,2021-04-02,10,Csütörtök,2021. Április 8.,12,4,zápor,Szeles nap,2021-04-08
847,2021-04-02,10,Péntek,2021. Április 9.,15,4,közepesen felhős,,2021-04-09
848,2021-04-02,10,Szombat,2021. Április 10.,16,5,erősen felhős,,2021-04-10
849,2021-04-02,10,Vasárnap,2021. Április 11.,16,6,zápor,,2021-04-11
850,2021-04-02,10,Hétfő,2021. Április 12.,17,7,zápor,,2021-04-12
851,2021-04-02,10,Kedd,2021. Április 13.,17,7,közepesen felhős,,2021-04-13
852,2021-04-02,10,Szerda,2021. Április 14.,18,7,közepesen felhős,,2021-04-14
853,2021-04-02,10,Csütörtök,2021. Április 15.,18,7,közepesen felhős,,2021-04-15
854,2021-04-02,10,Péntek,2021. Április 16.,19,8,gyengén felhős,,2021-04-16
855,2021-04-02,22,Szombat,2021. április 3.,12,5,zápor,Szeles nap,2021-04-03
856,2021-04-02,22,Vasárnap,2021. április 4.,12,0,zápor,,2021-04-04
857,2021-04-02,22,Hétfő,2021. április 5.,15,-2,gyengén felhős,Szeles nap,2021-04-05
858,2021-04-02,22,Kedd,2021. április 6.,7,2,havas eső,Hidegfront erős széllel,2021-04-06
859,2021-04-02,22,Szerda,2021. április 7.,8,-2,zápor,Szeles nap,2021-04-07
860,2021-04-02,22,Csütörtök,2021. április 8.,9,0,zápor,Szeles nap,2021-04-08
861,2021-04-02,22,Péntek,2021. április 9.,12,-1,közepesen felhős,,2021-04-09
862,2021-04-02,22,Szombat,2021. április 10.,16,4,közepesen felhős,,2021-04-10
863,2021-04-02,22,Vasárnap,2021. április 11.,14,6,gyenge eső,,2021-04-11
864,2021-04-02,22,Hétfő,2021. április 12.,14,7,zápor,,2021-04-12
865,2021-04-02,22,Kedd,2021. április 13.,14,6,zápor,,2021-04-13
866,2021-04-02,22,Szerda,2021. április 14.,15,7,gyenge eső,,2021-04-14
867,2021-04-02,22,Csütörtök,2021. április 15.,16,7,gyenge eső,,2021-04-15
868,2021-04-02,22,Péntek,2021. április 16.,17,8,erősen felhős,,2021-04-16
869,2021-04-02,22,Szombat,2021. április 17.,18,8,derült,,2021-04-17
870,2021-04-03,10,Szombat,2021. április 3.,12,5,zápor,Szeles nap,2021-04-03
871,2021-04-03,10,Vasárnap,2021. április 4.,12,0,közepesen felhős,,2021-04-04
872,2021-04-03,10,Hétfő,2021. április 5.,15,-1,gyengén felhős,Szeles nap,2021-04-05
873,2021-04-03,10,Kedd,2021. április 6.,7,2,borult,Hidegfront erős széllel,2021-04-06
874,2021-04-03,10,Szerda,2021. április 7.,8,-1,zápor,Szeles nap,2021-04-07
875,2021-04-03,10,Csütörtök,2021. április 8.,9,0,zápor,Szeles nap,2021-04-08
876,2021-04-03,10,Péntek,2021. április 9.,11,0,közepesen felhős,Szeles nap,2021-04-09
877,2021-04-03,10,Szombat,2021. április 10.,16,3,közepesen felhős,,2021-04-10
878,2021-04-03,10,Vasárnap,2021. április 11.,16,4,erősen felhős,,2021-04-11
879,2021-04-03,10,Hétfő,2021. április 12.,15,5,zápor,,2021-04-12
880,2021-04-03,10,Kedd,2021. április 13.,16,5,zápor,,2021-04-13
881,2021-04-03,10,Szerda,2021. április 14.,18,7,közepesen felhős,,2021-04-14
882,2021-04-03,10,Csütörtök,2021. április 15.,19,8,közepesen felhős,,2021-04-15
883,2021-04-03,10,Péntek,2021. április 16.,18,8,erősen felhős,,2021-04-16
884,2021-04-03,10,Szombat,2021. április 17.,18,7,derült,,2021-04-17
885,2021-04-03,22,Vasárnap,2021. április 4.,12,0,közepesen felhős,,2021-04-04
886,2021-04-03,22,Hétfő,2021. április 5.,15,-1,közepesen felhős,Szeles nap,2021-04-05
887,2021-04-03,22,Kedd,2021. április 6.,7,1,borult,Hidegfront erős széllel,2021-04-06
888,2021-04-03,22,Szerda,2021. április 7.,8,-2,zápor,Szeles nap,2021-04-07
889,2021-04-03,22,Csütörtök,2021. április 8.,9,-1,zápor,Szeles nap,2021-04-08
890,2021-04-03,22,Péntek,2021. április 9.,13,0,közepesen felhős,,2021-04-09
891,2021-04-03,22,Szombat,2021. április 10.,16,3,gyengén felhős,,2021-04-10
892,2021-04-03,22,Vasárnap,2021. április 11.,18,5,közepesen felhős,,2021-04-11
893,2021-04-03,22,Hétfő,2021. április 12.,13,7,zápor,,2021-04-12
894,2021-04-03,22,Kedd,2021. április 13.,15,6,zápor,,2021-04-13
895,2021-04-03,22,Szerda,2021. április 14.,17,6,közepesen felhős,,2021-04-14
896,2021-04-03,22,Csütörtök,2021. április 15.,17,7,közepesen felhős,,2021-04-15
897,2021-04-03,22,Péntek,2021. április 16.,18,8,zápor,,2021-04-16
898,2021-04-03,22,Szombat,2021. április 17.,17,8,zápor,,2021-04-17
899,2021-04-03,22,Vasárnap,2021. április 18.,17,8,közepesen felhős,,2021-04-18
900,2021-04-04,10,Vasárnap,2021. április 4.,12,1,közepesen felhős,,2021-04-04
901,2021-04-04,10,Hétfő,2021. április 5.,15,-1,közepesen felhős,Szeles nap,2021-04-05
902,2021-04-04,10,Kedd,2021. április 6.,7,1,borult,Hidegfront erős széllel,2021-04-06
903,2021-04-04,10,Szerda,2021. április 7.,9,-2,közepesen felhős,Szeles nap,2021-04-07
904,2021-04-04,10,Csütörtök,2021. április 8.,9,-1,zápor,Szeles nap,2021-04-08
905,2021-04-04,10,Péntek,2021. április 9.,13,0,közepesen felhős,,2021-04-09
906,2021-04-04,10,Szombat,2021. április 10.,16,3,gyengén felhős,,2021-04-10
907,2021-04-04,10,Vasárnap,2021. április 11.,17,5,közepesen felhős,,2021-04-11
908,2021-04-04,10,Hétfő,2021. április 12.,13,7,zápor,,2021-04-12
909,2021-04-04,10,Kedd,2021. április 13.,15,6,zápor,,2021-04-13
910,2021-04-04,10,Szerda,2021. április 14.,17,6,közepesen felhős,,2021-04-14
911,2021-04-04,10,Csütörtök,2021. április 15.,17,7,közepesen felhős,,2021-04-15
912,2021-04-04,10,Péntek,2021. április 16.,18,8,zápor,,2021-04-16
913,2021-04-04,10,Szombat,2021. április 17.,18,8,zápor,,2021-04-17
914,2021-04-04,10,Vasárnap,2021. április 18.,17,8,közepesen felhős,,2021-04-18
915,2021-04-04,22,Hétfő,2021. április 5.,15,-2,gyengén felhős,Szeles nap,2021-04-05
916,2021-04-04,22,Kedd,2021. április 6.,7,1,erősen felhős,Hidegfront erős széllel,2021-04-06
917,2021-04-04,22,Szerda,2021. április 7.,9,-2,közepesen felhős,Szeles nap,2021-04-07
918,2021-04-04,22,Csütörtök,2021. április 8.,9,0,zápor,Viharos szél,2021-04-08
919,2021-04-04,22,Péntek,2021. április 9.,13,-2,közepesen felhős,,2021-04-09
920,2021-04-04,22,Szombat,2021. április 10.,17,3,közepesen felhős,Szeles nap,2021-04-10
921,2021-04-04,22,Vasárnap,2021. április 11.,14,6,zápor,Hidegfront erős széllel,2021-04-11
922,2021-04-04,22,Hétfő,2021. április 12.,13,6,zápor,,2021-04-12
923,2021-04-04,22,Kedd,2021. április 13.,13,5,zápor,,2021-04-13
924,2021-04-04,22,Szerda,2021. április 14.,14,4,közepesen felhős,,2021-04-14
925,2021-04-04,22,Csütörtök,2021. április 15.,14,5,közepesen felhős,,2021-04-15
926,2021-04-04,22,Péntek,2021. április 16.,15,5,közepesen felhős,,2021-04-16
927,2021-04-04,22,Szombat,2021. április 17.,15,6,zápor,,2021-04-17
928,2021-04-04,22,Vasárnap,2021. április 18.,16,6,közepesen felhős,,2021-04-18
929,2021-04-04,22,Hétfő,2021. április 19.,17,6,gyengén felhős,,2021-04-19
930,2021-04-05,10,Hétfő,2021. április 5.,15,-2,gyengén felhős,Szeles nap,2021-04-05
931,2021-04-05,10,Kedd,2021. április 6.,7,1,erősen felhős,Hidegfront erős széllel,2021-04-06
932,2021-04-05,10,Szerda,2021. április 7.,9,-2,közepesen felhős,Szeles nap,2021-04-07
933,2021-04-05,10,Csütörtök,2021. április 8.,9,0,zápor,Viharos szél,2021-04-08
934,2021-04-05,10,Péntek,2021. április 9.,13,-2,közepesen felhős,,2021-04-09
935,2021-04-05,10,Szombat,2021. április 10.,17,3,közepesen felhős,Szeles nap,2021-04-10
936,2021-04-05,10,Vasárnap,2021. április 11.,14,6,zápor,Hidegfront erős széllel,2021-04-11
937,2021-04-05,10,Hétfő,2021. április 12.,13,6,zápor,,2021-04-12
938,2021-04-05,10,Kedd,2021. április 13.,13,5,zápor,,2021-04-13
939,2021-04-05,10,Szerda,2021. április 14.,14,4,közepesen felhős,,2021-04-14
940,2021-04-05,10,Csütörtök,2021. április 15.,14,5,közepesen felhős,,2021-04-15
941,2021-04-05,10,Péntek,2021. április 16.,15,5,közepesen felhős,,2021-04-16
942,2021-04-05,10,Szombat,2021. április 17.,15,6,zápor,,2021-04-17
943,2021-04-05,10,Vasárnap,2021. április 18.,16,6,közepesen felhős,,2021-04-18
944,2021-04-05,10,Hétfő,2021. április 19.,17,6,gyengén felhős,,2021-04-19
945,2021-04-05,22,Kedd,2021. április 6.,7,1,erősen felhős,Hidegfront erős széllel,2021-04-06
946,2021-04-05,22,Szerda,2021. április 7.,8,-3,zápor,Szeles nap,2021-04-07
947,2021-04-05,22,Csütörtök,2021. április 8.,9,0,zápor,Szeles nap,2021-04-08
948,2021-04-05,22,Péntek,2021. április 9.,13,-2,gyengén felhős,,2021-04-09
949,2021-04-05,22,Szombat,2021. április 10.,17,3,közepesen felhős,Szeles nap,2021-04-10
950,2021-04-05,22,Vasárnap,2021. április 11.,15,7,zápor,Hidegfront erős széllel,2021-04-11
951,2021-04-05,22,Hétfő,2021. április 12.,18,7,közepesen felhős,,2021-04-12
952,2021-04-05,22,Kedd,2021. április 13.,18,9,zápor,,2021-04-13
953,2021-04-05,22,Szerda,2021. április 14.,17,9,erősen felhős,,2021-04-14
954,2021-04-05,22,Csütörtök,2021. április 15.,15,8,zápor,,2021-04-15
955,2021-04-05,22,Péntek,2021. április 16.,16,7,zápor,,2021-04-16
956,2021-04-05,22,Szombat,2021. április 17.,17,6,erősen felhős,,2021-04-17
957,2021-04-05,22,Vasárnap,2021. április 18.,16,7,zápor,,2021-04-18
958,2021-04-05,22,Hétfő,2021. április 19.,17,7,erősen felhős,,2021-04-19
959,2021-04-05,22,Kedd,2021. április 20.,17,7,közepesen felhős,,2021-04-20
960,2021-04-06,10,Kedd,2021. április 6.,7,1,erősen felhős,Hidegfront erős széllel,2021-04-06
961,2021-04-06,10,Szerda,2021. április 7.,7,-3,hózápor,Szeles nap,2021-04-07
962,2021-04-06,10,Csütörtök,2021. április 8.,8,0,közepesen felhős,Szeles nap,2021-04-08
963,2021-04-06,10,Péntek,2021. április 9.,15,-2,gyengén felhős,Szeles nap,2021-04-09
964,2021-04-06,10,Szombat,2021. április 10.,17,4,közepesen felhős,Szeles nap,2021-04-10
965,2021-04-06,10,Vasárnap,2021. április 11.,16,7,erősen felhős,Szeles nap,2021-04-11
966,2021-04-06,10,Hétfő,2021. április 12.,19,7,erősen felhős,Szeles nap,2021-04-12
967,2021-04-06,10,Kedd,2021. április 13.,15,6,zápor,,2021-04-13
968,2021-04-06,10,Szerda,2021. április 14.,12,5,zápor,,2021-04-14
969,2021-04-06,10,Csütörtök,2021. április 15.,15,6,zápor,,2021-04-15
970,2021-04-06,10,Péntek,2021. április 16.,16,5,zápor,,2021-04-16
971,2021-04-06,10,Szombat,2021. április 17.,17,6,közepesen felhős,,2021-04-17
972,2021-04-06,10,Vasárnap,2021. április 18.,16,5,közepesen felhős,,2021-04-18
973,2021-04-06,10,Hétfő,2021. április 19.,17,6,erősen felhős,,2021-04-19
974,2021-04-06,10,Kedd,2021. április 20.,17,7,közepesen felhős,,2021-04-20
